name,partner_1,partner_2,partner_3,partner_4,partner_5,partner_6,partner_7,partner_8,partner_9,partner_10,partner_11,partner_12,partner_13,partner_14,partner_15,partner_16,partner_17,partner_18,partner_19,partner_20,partner_21,partner_22,partner_23,partner_24,partner_25,partner_26,partner_27,partner_28,partner_29,partner_30
bag_gQP_1_tQP_1.ply,87,86,70,75,96,90,70,100,70,70,90,97,67,50,96,95,80,100,80,70,90,83,60,72,83,92,70,95,85,90
bag_gQP_1_tQP_2.ply,91,81,70,41,85,55,90,70,93,37,100,86,80,50,91,80,70,50,60,70,50,81,60,57,56,70,90,70,94,83
bag_gQP_1_tQP_3.ply,67,67,32,13,70,70,80,40,73,36,95,58,47,50,50,10,70,50,30,70,90,54,40,27,47,50,50,16,87,39
bag_gQP_2_tQP_1.ply,68,71,57,27,55,71,30,80,66,44,50,80,64,35,28,11,59,50,40,70,48,40,30,29,81,80,78,40,29,67
bag_gQP_2_tQP_2.ply,72,62,50,22,86,53,30,80,50,32,100,78,55,30,50,20,40,50,40,70,70,80,35,50,40,60,43,30,34,41
bag_gQP_2_tQP_3.ply,63,73,9,13,39,39,30,50,66,50,70,68,15,40,50,0,40,40,10,60,14,45,40,40,37,50,33,40,34,43
bag_gQP_3_tQP_1.ply,63,51,23,6,30,30,30,60,17,22,30,63,10,22,5,0,86,40,20,70,13,18,25,40,35,40,39,30,24,31
bag_gQP_3_tQP_2.ply,67,46,7,3,30,40,20,60,20,35,30,60,18,18,28,5,60,40,50,70,90,44,35,24,39,30,30,10,50,39
bag_gQP_3_tQP_3.ply,49,60,7,8,20,30,20,60,18,27,48,44,6,30,30,0,76,60,10,70,17,17,35,37,55,40,60,10,34,30
bag_gsigma_0_tsigma_8.ply,88,95,86,44,100,90,90,70,89,85,90,95,85,50,50,100,92,100,50,70,100,94,70,62,95,100,70,70,100,96
bag_gsigma_0_tsigma_16.ply,94,83,67,40,96,71,70,100,97,75,100,62,89,70,94,95,76,70,100,60,100,90,75,32,85,81,60,84,83,89
bag_gsigma_0_tsigma_32.ply,79,78,42,23,70,53,60,100,71,29,100,65,62,30,50,30,89,50,50,50,90,84,70,41,73,75,47,64,59,71
bag_gsigma_2_tsigma_8.ply,77,71,50,68,50,63,30,80,79,40,90,40,16,20,50,35,80,50,80,70,52,86,40,40,85,35,33,70,60,73
bag_gsigma_2_tsigma_16.ply,73,80,55,23,45,62,70,80,49,33,60,68,24,30,50,10,77,60,40,40,66,60,35,19,81,40,31,55,38,44
bag_gsigma_2_tsigma_32.ply,73,56,33,75,80,61,30,80,40,34,50,44,10,31,50,10,46,50,30,30,60,67,50,35,81,30,38,50,37,40
bag_gsigma_4_tsigma_8.ply,56,46,6,8,50,20,30,20,40,21,40,19,9,7,30,10,30,50,30,70,26,20,35,14,12,30,16,40,34,40
bag_gsigma_4_tsigma_16.ply,40,47,25,8,57,30,30,30,40,26,29,19,7,20,20,10,65,50,50,40,40,11,15,25,28,2,20,10,22,40
bag_gsigma_4_tsigma_32.ply,25,10,13,10,40,28,30,30,30,50,40,33,13,21,14,10,36,50,30,60,23,9,50,40,36,10,17,34,26,20
bag_tsl_4_tqs_64.ply,87,86,75,21,90,30,30,100,68,39,50,80,50,50,50,80,80,90,70,70,96,50,55,60,83,40,54,40,75,74
bag_tsl_4_tqs_128.ply,81,72,60,8,30,20,70,70,68,68,90,76,44,29,50,79,84,70,60,70,86,60,35,40,75,61,50,30,65,81
bag_tsl_4_tqs_256.ply,68,71,33,12,30,28,40,60,39,41,50,46,38,30,50,40,87,50,30,50,30,18,30,40,45,35,36,14,24,55
bag_tsl_4_tqs_512.ply,37,55,17,7,10,10,30,40,41,23,50,58,7,31,10,0,43,40,20,30,20,13,30,13,11,30,29,10,32,51
bag_tsl_6_tqs_64.ply,77,77,69,43,80,80,30,80,56,70,50,75,50,30,27,20,93,50,30,70,77,52,45,26,75,70,68,60,50,63
bag_tsl_6_tqs_128.ply,66,71,64,41,65,60,20,80,41,71,55,36,45,31,28,50,80,50,24,40,80,40,40,17,58,50,54,34,83,60
bag_tsl_6_tqs_256.ply,59,67,56,10,65,45,40,40,60,64,10,45,24,30,21,10,68,50,30,60,80,26,35,54,40,40,50,30,47,40
bag_tsl_6_tqs_512.ply,57,60,11,4,31,45,20,40,30,30,20,33,10,29,19,10,60,40,30,70,39,25,30,22,20,30,27,20,30,24
bag_tsl_8_tqs_64.ply,93,90,91,96,100,80,80,80,90,63,70,87,59,80,97,79,80,100,90,70,80,87,80,89,86,80,70,86,90,94
bag_tsl_8_tqs_128.ply,83,91,81,44,96,69,70,60,84,72,100,80,70,50,50,80,92,80,60,70,89,84,80,61,56,80,79,94,89,80
bag_tsl_8_tqs_256.ply,61,80,50,23,50,57,70,50,87,67,100,57,55,29,50,90,72,50,40,70,88,73,35,40,38,60,50,10,65,80
bag_tsl_8_tqs_512.ply,57,80,13,3,36,30,40,60,34,23,50,46,39,6,50,10,40,50,30,70,75,20,45,40,47,30,30,10,43,53
bag_level_7.ply,20,2,37,2,7,0,30,0,10,8,10,7,6,11,5,0,12,30,0,70,9,12,25,12,74,2,27,0,6,12
bag_level_8.ply,20,30,44,10,15,61,20,20,64,18,30,5,4,1,11,10,23,30,0,60,8,9,80,22,75,30,35,40,12,17
bag_level_9.ply,92,90,71,97,64,81,50,95,84,82,100,95,71,50,50,9,94,100,100,70,58,95,80,74,95,85,62,90,84,90
bag_pqs_1_qs_16.ply,92,93,89,98,100,74,80,100,95,73,100,97,91,50,92,100,94,70,90,70,90,65,80,33,93,98,93,93,89,98
bag_pqs_1_qs_32.ply,78,72,78,40,94,72,80,100,74,67,50,73,81,60,90,80,76,60,70,70,90,90,80,40,88,91,75,74,80,97
bag_pqs_1_qs_48.ply,80,67,73,40,71,30,60,80,79,86,50,70,75,60,50,60,60,50,50,30,100,20,25,21,46,80,77,75,77,54
bag_pqs_1_qs_64.ply,93,72,70,43,60,67,70,80,56,62,60,79,55,50,80,40,85,50,40,60,85,44,40,54,53,70,58,60,84,67
bag_referenced.ply,93,78,100,54,100,68,80,100,90,87,90,70,82,50,50,100,96,70,80,70,100,55,70,20,93,90,92,91,65,98
banana_gQP_1_tQP_1.ply,71,74,61,50,50,60,30,85,30,60,80,87,67,32,70,80,70,60,40,70,50,40,45,53,85,30,65,40,55,40
banana_gQP_1_tQP_2.ply,76,73,53,50,40,40,30,70,44,53,50,73,44,40,50,50,80,50,40,70,90,63,65,40,67,50,50,40,62,61
banana_gQP_1_tQP_3.ply,68,72,46,40,20,60,70,60,45,46,48,52,59,40,92,15,80,40,70,40,68,50,60,42,43,50,53,37,70,54
banana_gQP_2_tQP_1.ply,64,71,57,47,30,40,40,70,20,50,50,68,34,21,50,10,65,50,20,40,6,50,30,28,73,40,47,50,41,40
banana_gQP_2_tQP_2.ply,70,64,27,30,40,40,30,70,32,18,40,68,47,30,50,5,73,40,50,70,40,30,35,60,43,39,35,30,43,30
banana_gQP_2_tQP_3.ply,65,63,35,50,44,30,30,60,21,42,45,56,12,34,50,10,65,50,20,70,20,26,30,30,31,34,46,40,42,42
banana_gQP_3_tQP_1.ply,62,59,15,40,10,30,30,60,20,31,50,75,6,31,19,0,56,30,20,70,19,17,30,14,55,11,33,15,40,32
banana_gQP_3_tQP_2.ply,65,59,15,20,10,40,10,40,10,18,45,39,15,20,16,0,63,30,20,70,0,27,25,18,46,10,33,16,36,45
banana_gQP_3_tQP_3.ply,86,60,12,18,20,30,30,40,10,26,30,39,3,10,8,0,50,40,10,30,15,25,10,34,40,20,40,10,34,33
banana_gsigma_0_tsigma_8.ply,55,92,82,40,95,70,60,90,95,80,95,87,76,60,60,25,90,80,50,70,94,90,85,60,82,70,87,60,95,96
banana_gsigma_0_tsigma_16.ply,65,80,71,35,85,40,30,60,56,22,50,77,60,30,50,50,60,50,70,70,82,66,70,31,74,70,50,40,59,80
banana_gsigma_0_tsigma_32.ply,62,61,44,15,80,50,30,50,60,47,45,32,29,41,20,5,70,50,40,40,38,16,30,28,21,10,60,48,74,60
banana_gsigma_2_tsigma_8.ply,63,69,34,40,40,30,70,80,65,23,55,77,17,41,50,10,81,50,50,60,50,40,35,60,60,30,48,30,39,63
banana_gsigma_2_tsigma_16.ply,65,63,43,50,60,70,40,50,70,25,50,65,7,39,50,10,41,50,60,70,50,70,45,26,43,20,50,40,14,59
banana_gsigma_2_tsigma_32.ply,60,61,19,40,50,30,30,45,42,27,40,37,20,10,17,10,54,40,40,30,33,7,75,40,35,30,47,32,45,40
banana_gsigma_4_tsigma_8.ply,73,55,27,40,30,16,30,50,50,40,35,42,11,30,50,9,70,40,40,40,25,14,50,40,36,30,44,16,34,43
banana_gsigma_4_tsigma_16.ply,24,44,33,40,20,40,30,40,31,34,40,21,20,29,7,10,60,40,20,70,30,8,45,36,37,20,31,7,27,59
banana_gsigma_4_tsigma_32.ply,25,38,43,20,20,20,30,30,30,41,35,19,11,29,4,10,47,30,30,70,10,9,60,9,53,20,39,8,24,36
banana_tsl_4_tqs_64.ply,73,86,58,60,60,70,30,80,39,44,47,74,71,31,27,90,30,40,80,60,60,20,40,34,89,50,28,25,70,45
banana_tsl_4_tqs_128.ply,75,62,50,70,80,40,30,60,21,70,45,71,40,30,50,20,60,40,70,70,31,77,40,46,43,50,37,10,43,53
banana_tsl_4_tqs_256.ply,64,59,45,40,40,10,70,70,10,34,35,62,16,34,2,10,71,50,60,30,34,34,20,23,55,20,33,10,25,46
banana_tsl_4_tqs_512.ply,50,45,37,10,20,40,30,30,81,32,46,46,3,40,20,20,47,30,50,70,43,12,30,60,13,20,27,10,26,30
banana_tsl_6_tqs_64.ply,89,80,84,80,50,70,80,95,92,84,100,88,81,39,21,95,80,100,80,50,96,90,80,61,82,80,66,61,100,99
banana_tsl_6_tqs_128.ply,69,87,67,85,80,90,80,70,82,82,97,85,54,40,80,94,87,50,90,70,85,90,75,60,65,76,54,30,50,92
banana_tsl_6_tqs_256.ply,74,73,66,45,60,70,70,80,78,38,60,60,30,40,81,85,80,50,40,60,74,70,50,40,45,50,53,40,71,71
banana_tsl_6_tqs_512.ply,50,51,60,35,60,66,40,50,23,40,45,42,10,21,20,16,60,40,30,40,40,50,50,27,20,30,35,15,33,57
banana_tsl_8_tqs_64.ply,80,88,77,87,70,80,70,100,84,89,100,68,88,71,89,100,88,90,60,60,90,82,60,57,83,50,67,44,100,78
banana_tsl_8_tqs_128.ply,80,73,74,90,80,100,90,80,74,86,100,89,71,50,50,100,93,100,100,70,100,85,75,70,81,75,53,50,73,97
banana_tsl_8_tqs_256.ply,68,66,69,40,50,80,80,50,70,62,70,63,16,30,77,91,86,50,60,70,78,56,70,25,32,50,31,27,82,83
banana_tsl_8_tqs_512.ply,56,69,56,28,10,70,50,60,37,20,20,58,17,30,24,40,71,50,30,70,20,26,50,6,28,39,48,20,41,40
banana_level_7.ply,15,9,14,10,20,20,20,20,10,8,10,4,10,31,8,0,5,20,20,30,10,5,35,11,60,0,13,0,0,11
banana_level_8.ply,37,34,37,40,20,30,30,30,40,19,35,25,13,30,18,0,20,30,30,30,30,9,70,8,64,10,30,14,33,24
banana_level_9.ply,75,89,76,80,70,94,70,90,88,72,100,90,68,50,92,90,93,90,70,70,96,90,80,59,93,70,85,80,93,99
banana_pqs_1_qs_16.ply,77,99,87,60,80,80,80,80,87,90,100,71,64,69,90,10,90,90,50,70,100,93,85,60,88,80,50,50,88,99
banana_pqs_1_qs_32.ply,82,72,84,80,80,80,70,90,75,69,80,66,67,50,50,90,80,50,39,70,100,72,85,64,82,80,61,50,50,93
banana_pqs_1_qs_48.ply,57,83,62,40,65,70,40,80,80,27,100,81,56,31,50,19,83,50,40,70,32,83,65,30,62,70,40,30,94,74
banana_pqs_1_qs_64.ply,67,52,43,10,80,50,30,40,40,74,40,37,50,10,77,10,60,40,30,60,31,17,40,35,22,30,46,60,45,37
banana_referenced.ply,87,78,84,90,80,90,80,90,95,94,100,97,84,80,88,90,94,90,60,70,100,70,90,62,63,70,73,66,83,96
biscuits_gQP_1_tQP_1.ply,91,90,68,50,80,40,88,82,80,83,100,94,85,30,88,15,96,80,70,70,87,83,80,53,83,100,70,65,64,74
biscuits_gQP_1_tQP_2.ply,95,78,56,60,40,80,96,71,68,27,100,25,67,10,90,90,70,80,50,60,90,84,35,34,67,50,48,50,92,70
biscuits_gQP_1_tQP_3.ply,64,73,38,40,40,60,80,54,59,34,70,74,27,30,22,80,89,50,40,30,77,70,70,60,83,30,33,25,54,50
biscuits_gQP_2_tQP_1.ply,85,77,50,50,40,40,98,72,50,55,50,62,16,40,50,15,90,80,70,70,44,88,55,40,95,70,75,74,77,50
biscuits_gQP_2_tQP_2.ply,90,73,57,75,30,60,77,81,60,58,90,74,53,50,50,40,90,60,30,70,79,70,40,53,44,50,58,30,77,86
biscuits_gQP_2_tQP_3.ply,72,62,45,50,15,60,85,50,69,42,65,55,30,32,90,10,85,40,20,60,67,60,40,73,73,50,36,20,45,42
biscuits_gQP_3_tQP_1.ply,87,74,50,64,40,60,67,72,70,59,80,85,59,40,5,17,91,50,60,70,40,62,50,60,92,76,68,24,72,56
biscuits_gQP_3_tQP_2.ply,80,80,41,50,20,40,76,58,49,58,90,64,22,40,50,10,84,90,30,70,11,57,40,37,57,50,47,20,87,48
biscuits_gQP_3_tQP_3.ply,70,70,23,37,30,70,80,54,40,43,47,56,25,29,17,10,81,40,10,60,50,20,60,68,31,30,47,20,54,63
biscuits_gsigma_0_tsigma_8.ply,94,76,72,50,85,80,81,50,50,89,90,77,83,66,87,80,95,80,100,60,34,77,75,66,84,70,60,50,85,95
biscuits_gsigma_0_tsigma_16.ply,84,81,70,45,75,40,79,65,69,77,85,67,50,40,91,50,88,50,60,70,60,73,70,34,73,50,67,50,91,84
biscuits_gsigma_0_tsigma_32.ply,50,68,50,30,60,30,77,39,49,30,50,55,37,20,12,9,50,40,40,30,40,65,50,35,46,30,40,25,25,43
biscuits_gsigma_2_tsigma_8.ply,85,75,48,50,30,30,75,50,70,40,95,83,65,32,50,15,70,50,70,70,28,50,45,40,90,50,60,50,66,78
biscuits_gsigma_2_tsigma_16.ply,66,65,64,40,50,30,70,45,66,53,50,57,58,38,50,66,70,40,50,70,30,62,55,37,54,30,50,53,50,74
biscuits_gsigma_2_tsigma_32.ply,42,62,41,20,80,30,77,37,43,41,50,26,14,30,20,10,60,40,40,30,37,50,40,43,44,30,45,50,39,62
biscuits_gsigma_4_tsigma_8.ply,45,75,45,41,70,30,81,43,51,27,65,40,40,30,50,5,53,50,40,60,20,36,50,40,70,30,50,20,50,45
biscuits_gsigma_4_tsigma_16.ply,53,60,46,20,40,60,71,43,40,27,45,26,36,33,50,15,70,50,40,40,50,10,50,50,40,30,48,17,46,46
biscuits_gsigma_4_tsigma_32.ply,40,53,12,14,30,10,50,25,30,27,30,35,17,21,10,10,20,40,15,70,40,30,40,11,17,11,44,16,42,41
biscuits_tsl_4_tqs_64.ply,40,50,0,30,29,50,30,43,27,24,5,6,3,10,10,0,32,30,10,30,0,10,40,6,23,2,35,5,27,24
biscuits_tsl_4_tqs_128.ply,30,42,0,70,30,30,45,43,27,27,15,7,3,20,10,5,31,30,10,70,50,30,35,25,13,9,18,0,35,23
biscuits_tsl_4_tqs_256.ply,58,40,0,15,19,30,35,28,20,10,10,10,4,10,10,5,26,40,0,70,2,13,35,22,12,10,30,0,26,7
biscuits_tsl_4_tqs_512.ply,66,13,7,21,10,30,28,24,26,14,4,5,2,11,17,0,15,20,0,30,0,6,20,20,17,10,28,0,5,16
biscuits_tsl_6_tqs_64.ply,90,75,77,78,60,80,81,70,70,70,70,92,93,50,50,80,91,90,100,90,50,83,70,58,71,50,70,90,94,97
biscuits_tsl_6_tqs_128.ply,92,79,65,40,30,60,92,66,64,50,75,97,55,50,81,50,91,50,70,70,90,81,60,40,47,90,69,40,60,58
biscuits_tsl_6_tqs_256.ply,60,53,50,40,40,60,63,41,50,43,60,58,30,37,15,70,50,40,40,40,40,28,40,26,40,61,43,41,53,55
biscuits_tsl_6_tqs_512.ply,64,71,40,30,40,30,48,33,36,26,35,17,28,30,15,20,29,40,40,30,5,20,30,40,9,20,24,10,69,75
biscuits_tsl_8_tqs_64.ply,94,87,68,70,80,80,89,83,70,77,100,100,88,61,19,80,90,80,70,60,99,90,50,33,74,70,80,70,85,88
biscuits_tsl_8_tqs_128.ply,80,92,62,77,60,80,82,60,75,63,70,93,30,31,50,30,98,60,40,70,50,82,70,69,92,50,66,40,69,94
biscuits_tsl_8_tqs_256.ply,93,73,50,45,39,40,60,45,71,26,50,66,31,40,25,70,80,50,20,30,71,35,55,68,30,50,50,10,50,60
biscuits_tsl_8_tqs_512.ply,69,60,38,10,10,30,50,25,37,32,30,23,22,30,16,7,20,40,20,30,19,30,30,42,20,20,19,17,33,40
biscuits_level_7.ply,17,9,8,0,10,10,9,2,11,17,0,3,4,10,12,0,1,20,0,30,10,16,50,0,74,0,9,0,7,9
biscuits_level_8.ply,25,34,50,30,20,30,39,43,30,27,30,27,10,0,11,20,30,30,10,70,12,14,70,28,27,0,30,11,27,30
biscuits_level_9.ply,85,87,68,80,70,100,72,65,73,86,95,89,69,50,92,15,75,70,40,40,80,86,70,60,52,71,50,75,93,93
biscuits_pqs_1_qs_16.ply,90,90,81,70,60,60,91,80,82,87,100,100,82,81,50,30,80,60,100,30,90,83,65,64,75,79,70,80,57,97
biscuits_pqs_1_qs_32.ply,85,70,78,70,50,70,71,63,77,84,80,97,60,50,89,30,88,50,60,63,92,76,55,72,64,30,48,33,89,70
biscuits_pqs_1_qs_48.ply,63,51,50,30,60,10,60,38,21,42,30,72,20,11,20,30,63,50,10,70,41,30,40,28,44,50,48,32,35,50
biscuits_pqs_1_qs_64.ply,35,53,18,0,40,30,50,27,30,16,30,38,21,3,50,9,10,40,10,30,0,15,35,40,41,30,9,6,24,55
biscuits_referenced.ply,88,83,84,70,70,70,100,74,90,81,100,97,89,50,60,89,94,70,100,70,70,93,65,64,82,80,91,50,77,95
cake_gQP_1_tQP_1.ply,90,64,80,80,80,60,85,73,87,68,78,40,95,81,15,100,98,50,60,70,100,85,60,29,93,100,82,50,77,83
cake_gQP_1_tQP_2.ply,82,86,45,80,47,100,79,71,60,61,60,30,68,59,86,90,78,80,70,60,76,70,50,40,83,100,50,50,86,84
cake_gQP_1_tQP_3.ply,83,90,43,50,39,60,57,44,60,55,37,30,60,30,50,50,70,50,40,30,80,60,50,40,37,80,66,82,92,48
cake_gQP_2_tQP_1.ply,77,74,55,60,50,50,59,64,38,65,33,30,81,40,18,30,80,50,40,40,80,20,55,56,92,70,53,60,85,71
cake_gQP_2_tQP_2.ply,73,70,45,30,20,40,50,44,80,40,58,30,64,30,96,50,70,50,40,30,77,20,50,40,66,70,61,66,86,58
cake_gQP_2_tQP_3.ply,74,75,25,45,40,70,46,63,41,42,57,30,17,31,50,20,80,40,50,70,78,86,40,33,53,60,40,30,84,44
cake_gQP_3_tQP_1.ply,78,70,22,30,10,10,27,42,35,27,21,20,9,30,8,10,40,40,20,40,38,17,40,18,37,40,40,20,46,33
cake_gQP_3_tQP_2.ply,60,53,27,30,30,30,52,43,35,14,4,10,18,30,12,5,69,30,40,40,2,14,30,26,26,50,38,20,33,61
cake_gQP_3_tQP_3.ply,68,63,29,30,30,40,30,35,36,23,21,10,7,29,10,0,33,50,10,70,27,23,30,40,43,40,31,17,35,22
cake_gsigma_0_tsigma_8.ply,89,94,70,90,70,70,100,84,83,99,82,80,88,31,50,70,78,90,100,40,100,70,80,78,93,81,80,80,63,85
cake_gsigma_0_tsigma_16.ply,91,93,68,50,70,60,88,42,64,84,74,30,75,61,74,10,80,50,70,72,77,67,50,58,82,64,68,70,90,63
cake_gsigma_0_tsigma_32.ply,70,67,43,25,50,30,63,35,69,40,48,20,70,30,50,20,66,50,40,30,69,62,40,19,53,40,51,50,33,45
cake_gsigma_2_tsigma_8.ply,80,80,50,45,80,80,81,50,69,74,68,50,70,50,98,65,78,70,50,70,74,60,40,28,53,50,69,40,82,89
cake_gsigma_2_tsigma_16.ply,90,70,43,50,70,60,73,50,72,80,32,50,41,33,90,10,78,50,50,30,70,85,60,39,55,40,50,43,70,82
cake_gsigma_2_tsigma_32.ply,60,55,34,30,50,30,60,27,46,50,50,10,56,31,8,10,50,50,30,60,37,30,35,40,46,30,44,30,42,46
cake_gsigma_4_tsigma_8.ply,72,73,47,50,40,40,57,38,48,61,23,30,60,10,50,10,71,50,30,70,56,55,60,44,44,40,64,20,76,50
cake_gsigma_4_tsigma_16.ply,70,72,23,30,40,30,66,33,62,76,50,30,35,31,50,5,60,40,50,70,60,50,45,20,30,30,63,30,45,52
cake_gsigma_4_tsigma_32.ply,60,50,21,20,40,40,50,44,39,76,22,30,26,30,50,10,30,30,60,30,30,44,40,10,35,30,60,30,34,70
cake_tsl_4_tqs_64.ply,89,90,70,80,40,85,85,86,88,99,90,60,74,35,50,50,92,90,70,70,91,77,70,74,92,99,73,70,76,98
cake_tsl_4_tqs_128.ply,90,93,59,60,50,90,100,56,90,62,86,60,70,68,50,10,85,90,80,70,77,66,60,25,55,90,66,75,60,82
cake_tsl_4_tqs_256.ply,71,77,54,55,30,80,91,37,71,63,29,70,12,30,50,20,60,60,30,90,34,59,45,40,67,86,47,20,60,46
cake_tsl_4_tqs_512.ply,40,63,32,30,10,60,48,30,41,18,7,20,28,11,7,10,40,40,20,30,20,17,40,40,13,10,43,10,35,31
cake_tsl_6_tqs_64.ply,91,97,90,95,90,90,95,65,85,80,86,70,91,50,50,100,85,90,50,70,10,85,75,64,87,85,81,75,86,95
cake_tsl_6_tqs_128.ply,95,97,74,50,70,90,100,68,71,75,94,40,83,40,50,90,76,70,70,70,100,85,60,69,77,91,58,74,86,72
cake_tsl_6_tqs_256.ply,56,81,38,20,30,80,90,33,60,55,55,80,41,39,20,40,70,50,50,70,66,67,60,40,16,72,50,36,43,50
cake_tsl_6_tqs_512.ply,64,71,6,30,20,40,55,28,42,68,23,20,18,31,19,10,40,40,20,30,40,30,40,35,30,30,36,12,41,36
cake_tsl_8_tqs_64.ply,91,88,92,97,100,90,96,79,83,86,91,70,95,50,89,100,96,90,90,70,90,94,70,70,88,100,88,60,90,95
cake_tsl_8_tqs_128.ply,94,92,81,70,60,90,98,77,89,70,90,90,90,50,50,90,87,60,90,70,97,79,75,40,93,91,57,80,73,93
cake_tsl_8_tqs_256.ply,85,90,58,50,40,70,84,38,75,70,75,50,50,36,50,70,84,60,50,72,99,61,60,31,45,76,50,40,88,40
cake_tsl_8_tqs_512.ply,66,68,28,10,20,30,70,38,50,23,9,10,50,20,17,40,60,40,20,70,39,8,35,40,29,30,30,30,43,37
cake_level_7.ply,16,4,25,0,9,5,10,0,11,11,0,0,9,0,10,0,10,30,0,30,10,9,70,20,64,0,27,10,0,4
cake_level_8.ply,21,15,50,10,10,10,21,32,29,17,0,0,36,42,5,10,35,30,40,30,30,28,50,10,66,1,20,10,16,24
cake_level_9.ply,76,74,65,40,40,60,60,50,72,65,64,50,62,39,87,16,60,70,40,60,65,83,65,60,93,90,50,50,74,59
cake_pqs_1_qs_16.ply,93,95,87,100,100,80,94,66,86,99,90,70,93,70,82,94,90,90,90,70,100,92,75,65,87,91,90,92,68,84
cake_pqs_1_qs_32.ply,67,67,77,60,85,90,82,55,71,45,76,30,90,50,50,80,64,50,30,70,78,70,60,40,40,70,63,40,40,55
cake_pqs_1_qs_48.ply,66,66,32,10,60,50,60,61,45,39,23,10,45,20,14,0,75,40,30,30,89,40,25,11,39,80,29,20,24,56
cake_pqs_1_qs_64.ply,57,60,12,15,50,50,66,28,47,33,42,10,31,33,17,0,12,40,30,40,80,11,10,13,43,30,15,12,22,19
cake_referenced.ply,92,98,90,98,90,80,100,76,86,98,90,80,95,50,84,100,96,100,100,70,100,79,80,57,92,100,72,84,98,94
cauliflower_gQP_1_tQP_1.ply,88,80,82,80,85,90,90,73,71,18,90,70,82,56,97,90,92,90,100,70,87,85,85,60,83,94,80,80,95,98
cauliflower_gQP_1_tQP_2.ply,87,78,58,40,77,100,77,54,67,66,73,70,16,60,64,30,81,60,60,60,77,82,60,57,66,70,50,60,85,82
cauliflower_gQP_1_tQP_3.ply,83,74,56,30,20,81,81,40,60,71,85,20,23,43,62,40,67,50,40,70,23,65,35,44,43,50,47,50,73,67
cauliflower_gQP_2_tQP_1.ply,90,82,65,70,60,80,90,66,69,82,71,50,73,43,50,80,75,80,80,70,80,87,60,68,93,100,69,80,55,72
cauliflower_gQP_2_tQP_2.ply,77,77,50,40,70,50,60,69,53,47,62,50,82,40,50,20,70,50,60,30,85,84,40,60,80,60,50,50,84,40
cauliflower_gQP_2_tQP_3.ply,67,73,46,35,35,60,75,42,50,72,52,20,32,44,36,15,76,50,90,70,50,50,35,38,53,40,54,20,67,36
cauliflower_gQP_3_tQP_1.ply,60,71,22,40,30,30,39,42,29,63,18,30,31,37,30,10,40,40,10,30,7,61,35,40,43,30,50,30,27,42
cauliflower_gQP_3_tQP_2.ply,74,65,23,24,20,30,64,32,30,33,8,10,10,39,29,0,70,40,10,30,11,33,15,10,31,35,50,30,40,30
cauliflower_gQP_3_tQP_3.ply,62,61,26,40,5,30,43,42,40,53,3,20,17,37,29,0,40,40,20,30,10,19,30,40,30,50,23,10,37,34
cauliflower_gsigma_0_tsigma_8.ply,93,90,73,76,100,80,57,82,70,92,70,80,18,48,88,10,80,50,80,70,90,92,80,60,85,64,73,60,89,83
cauliflower_gsigma_0_tsigma_16.ply,39,77,56,50,70,30,76,39,63,77,75,60,46,47,43,20,75,50,30,60,80,65,34,37,75,30,60,50,70,60
cauliflower_gsigma_0_tsigma_32.ply,50,54,28,35,60,30,50,18,50,48,12,10,27,21,32,35,40,40,60,70,40,36,50,12,73,10,48,40,37,74
cauliflower_gsigma_2_tsigma_8.ply,76,85,50,35,80,30,80,56,80,74,88,80,60,43,29,20,87,50,40,60,98,73,65,10,85,45,40,70,40,41
cauliflower_gsigma_2_tsigma_16.ply,69,72,46,40,80,40,70,41,57,62,65,40,35,42,50,10,60,50,50,70,34,60,30,25,57,30,49,43,38,70
cauliflower_gsigma_2_tsigma_32.ply,30,43,26,15,50,40,70,24,42,44,11,40,9,35,35,10,40,40,20,40,72,25,40,21,55,20,31,20,27,61
cauliflower_gsigma_4_tsigma_8.ply,60,61,45,45,40,30,76,34,43,40,57,40,24,40,50,19,50,50,70,70,70,18,40,40,80,40,49,50,35,46
cauliflower_gsigma_4_tsigma_16.ply,47,58,35,33,70,30,67,37,38,66,57,40,28,39,50,30,40,50,20,40,70,54,50,19,42,20,43,40,34,63
cauliflower_gsigma_4_tsigma_32.ply,37,39,19,20,30,40,66,24,30,57,5,20,14,25,37,10,50,40,20,40,20,24,50,23,27,10,34,12,23,45
cauliflower_tsl_4_tqs_64.ply,80,71,60,50,45,40,82,63,50,37,57,30,60,40,76,60,63,80,70,60,93,80,60,60,55,50,49,30,73,72
cauliflower_tsl_4_tqs_128.ply,61,73,59,28,30,40,67,45,50,53,20,10,32,31,37,15,68,40,50,70,80,33,35,20,33,50,45,20,35,45
cauliflower_tsl_4_tqs_256.ply,63,58,23,20,20,30,63,37,50,49,2,21,17,40,15,15,53,40,40,30,30,23,25,30,32,10,32,36,65,26
cauliflower_tsl_4_tqs_512.ply,52,56,7,15,30,30,41,22,42,5,19,20,4,30,29,10,37,40,30,30,11,30,30,40,42,19,60,10,39,30
cauliflower_tsl_6_tqs_64.ply,85,71,71,60,75,40,54,61,59,98,34,40,85,48,80,80,96,70,60,70,86,89,50,25,82,91,75,80,93,78
cauliflower_tsl_6_tqs_128.ply,81,69,24,50,60,90,72,61,70,81,58,40,89,47,33,40,70,50,40,70,80,87,50,37,53,60,69,50,50,50
cauliflower_tsl_6_tqs_256.ply,68,61,50,50,50,30,60,36,38,62,36,30,18,30,36,10,51,30,30,70,79,50,25,44,29,50,40,20,42,80
cauliflower_tsl_6_tqs_512.ply,57,68,4,21,30,20,60,34,35,37,27,30,15,27,32,10,56,40,40,40,28,20,30,35,37,30,20,10,40,18
cauliflower_tsl_8_tqs_64.ply,93,87,85,100,100,90,80,83,71,86,90,90,77,45,98,97,81,90,100,70,100,94,90,60,95,100,70,80,100,96
cauliflower_tsl_8_tqs_128.ply,72,83,67,50,60,80,87,86,92,82,72,80,62,45,94,85,95,50,70,70,70,94,60,62,92,100,69,50,88,80
cauliflower_tsl_8_tqs_256.ply,60,72,45,60,50,40,74,54,56,33,16,50,28,31,40,30,83,40,40,70,18,85,40,17,40,50,46,20,44,30
cauliflower_tsl_8_tqs_512.ply,51,37,20,50,30,30,56,25,38,40,10,30,10,27,34,20,69,40,10,30,20,36,40,22,13,20,27,20,30,19
cauliflower_level_7.ply,15,9,11,25,10,10,4,0,11,10,0,0,0,10,2,0,5,20,0,10,0,1,80,8,70,0,8,0,50,5
cauliflower_level_8.ply,27,10,23,10,20,30,20,5,31,1,0,0,8,23,38,10,15,20,0,30,13,20,85,8,54,1,11,10,7,18
cauliflower_level_9.ply,80,80,74,60,70,60,63,46,71,78,92,20,69,46,50,90,85,50,90,60,83,78,50,44,93,71,69,70,87,90
cauliflower_pqs_1_qs_16.ply,82,97,81,100,91,70,83,84,89,98,95,80,86,50,100,70,90,60,70,70,96,97,75,40,92,80,82,40,100,99
cauliflower_pqs_1_qs_32.ply,75,71,53,80,90,80,50,53,69,73,65,50,74,45,75,20,68,40,40,70,80,62,50,40,40,59,29,17,50,73
cauliflower_pqs_1_qs_48.ply,56,61,6,40,40,30,29,18,30,40,2,10,21,47,22,0,40,40,10,40,19,11,20,40,45,30,21,20,15,50
cauliflower_pqs_1_qs_64.ply,34,19,10,10,20,30,31,24,15,25,0,0,3,16,21,0,20,20,30,40,29,7,10,5,8,30,7,13,8,38
cauliflower_referenced.ply,92,89,92,90,100,70,93,85,80,98,88,90,65,54,100,90,73,100,90,70,100,90,90,85,94,100,91,73,96,99
flowerpot_gQP_1_tQP_1.ply,82,67,78,74,75,60,80,67,66,63,65,50,60,50,67,83,60,90,90,70,88,75,75,57,76,84,80,84,79,80
flowerpot_gQP_1_tQP_2.ply,87,79,57,75,60,50,56,56,72,64,78,40,27,47,100,82,70,50,50,74,85,81,40,40,61,70,74,70,94,67
flowerpot_gQP_1_tQP_3.ply,71,77,28,43,60,60,76,28,68,68,66,20,29,40,70,35,50,50,30,70,20,65,50,60,29,50,70,70,58,47
flowerpot_gQP_2_tQP_1.ply,69,68,63,50,60,20,60,56,56,46,48,40,50,36,24,65,40,70,60,70,40,63,55,23,60,71,65,70,83,69
flowerpot_gQP_2_tQP_2.ply,64,59,53,40,48,80,50,43,44,47,73,40,45,48,50,47,40,70,40,60,70,77,50,27,47,70,70,45,40,54
flowerpot_gQP_2_tQP_3.ply,65,80,19,20,20,50,39,35,54,30,29,40,25,37,19,17,44,40,40,70,10,14,30,34,40,50,48,30,58,30
flowerpot_gQP_3_tQP_1.ply,67,31,38,30,10,50,32,42,19,12,35,10,34,24,26,45,30,40,40,70,0,23,36,20,40,30,30,20,36,39
flowerpot_gQP_3_tQP_2.ply,56,18,12,30,20,30,31,35,30,3,6,9,16,34,22,22,40,50,10,70,9,53,20,20,34,30,52,35,28,40
flowerpot_gQP_3_tQP_3.ply,57,33,10,30,40,40,39,39,30,11,21,30,25,34,34,7,30,50,30,70,2,24,40,40,38,30,50,20,32,34
flowerpot_gsigma_0_tsigma_8.ply,93,85,71,70,90,70,88,81,80,99,85,75,55,50,97,85,70,70,70,70,95,86,80,60,81,100,73,60,77,99
flowerpot_gsigma_0_tsigma_16.ply,63,74,53,35,82,60,85,30,71,71,78,50,40,40,71,83,50,60,50,40,60,86,30,44,70,50,63,70,80,54
flowerpot_gsigma_0_tsigma_32.ply,40,59,12,10,60,30,70,33,61,72,61,9,17,38,33,63,30,40,30,62,30,30,55,10,41,30,48,60,35,50
flowerpot_gsigma_2_tsigma_8.ply,66,61,38,40,65,45,71,47,52,72,33,30,26,37,37,60,60,40,43,70,77,61,65,43,84,30,49,60,41,58
flowerpot_gsigma_2_tsigma_16.ply,35,67,38,31,60,40,77,33,66,56,28,40,18,37,30,57,46,40,40,40,83,77,40,40,43,30,50,30,43,58
flowerpot_gsigma_2_tsigma_32.ply,40,42,8,20,30,20,50,23,42,36,19,20,17,30,50,33,45,20,30,40,39,39,50,6,32,30,50,50,20,33
flowerpot_gsigma_4_tsigma_8.ply,67,71,14,24,70,30,73,37,45,40,45,20,13,29,42,39,36,40,70,60,40,20,40,40,52,30,50,60,28,48
flowerpot_gsigma_4_tsigma_16.ply,40,59,14,50,50,30,60,32,43,62,48,30,25,29,35,61,30,30,30,70,50,27,45,18,66,35,50,40,34,74
flowerpot_gsigma_4_tsigma_32.ply,30,28,9,10,60,40,46,32,41,10,33,40,10,31,4,60,36,30,40,70,32,15,40,38,25,30,29,16,20,35
flowerpot_tsl_4_tqs_64.ply,21,2,6,30,0,0,23,21,13,3,0,10,9,6,27,13,20,20,0,30,7,5,20,11,13,0,19,5,11,10
flowerpot_tsl_4_tqs_128.ply,20,3,0,20,0,0,8,36,20,1,0,0,3,5,6,7,10,10,0,30,0,4,20,40,11,4,13,0,24,18
flowerpot_tsl_4_tqs_256.ply,21,6,0,20,0,0,29,27,19,1,0,0,7,5,17,7,5,10,0,70,10,5,10,27,15,0,19,0,15,6
flowerpot_tsl_4_tqs_512.ply,23,3,0,20,0,0,38,25,27,0,0,10,3,3,3,11,20,10,1,70,7,1,10,10,10,20,16,4,11,3
flowerpot_tsl_6_tqs_64.ply,82,83,73,70,40,60,80,63,65,61,75,50,65,45,29,51,40,80,80,70,90,62,65,59,83,70,69,90,77,58
flowerpot_tsl_6_tqs_128.ply,74,87,62,85,50,70,61,44,67,76,45,50,39,40,60,45,50,70,60,70,70,81,35,30,70,50,55,70,40,50
flowerpot_tsl_6_tqs_256.ply,73,73,24,40,30,40,70,34,65,27,46,30,21,33,36,23,40,30,40,60,70,35,40,40,30,35,45,27,29,34
flowerpot_tsl_6_tqs_512.ply,42,50,27,18,10,55,37,34,28,27,8,10,14,23,32,34,20,30,10,30,16,14,35,40,14,39,30,30,28,20
flowerpot_tsl_8_tqs_64.ply,92,89,73,85,95,90,93,64,83,99,88,50,94,48,100,82,90,90,80,90,40,89,75,58,84,100,79,80,84,95
flowerpot_tsl_8_tqs_128.ply,89,84,63,80,80,94,77,42,72,68,77,60,25,42,83,69,80,70,50,90,100,74,55,69,47,75,72,70,65,77
flowerpot_tsl_8_tqs_256.ply,60,70,45,26,70,59,57,35,50,72,65,50,15,33,19,27,70,50,60,70,43,73,50,28,42,40,50,30,35,57
flowerpot_tsl_8_tqs_512.ply,40,59,34,30,20,60,50,31,50,7,36,20,5,32,31,7,80,30,30,40,0,7,35,30,17,31,44,20,46,32
flowerpot_level_7.ply,16,10,8,10,10,10,16,7,8,5,0,0,4,8,0,1,27,10,0,60,5,4,70,10,83,5,15,6,10,3
flowerpot_level_8.ply,20,5,22,12,20,40,16,11,34,16,0,0,10,16,4,7,30,10,10,40,6,22,80,10,67,0,28,20,14,14
flowerpot_level_9.ply,61,70,60,40,60,60,45,37,56,61,38,30,62,40,50,53,30,40,20,40,90,70,60,27,55,60,53,50,46,66
flowerpot_pqs_1_qs_16.ply,93,86,77,90,100,100,93,56,91,93,79,90,51,48,94,95,94,90,40,70,53,83,85,60,91,100,71,90,90,97
flowerpot_pqs_1_qs_32.ply,77,67,50,80,80,70,75,43,65,70,86,70,37,47,97,66,80,60,40,30,86,82,65,58,73,70,77,80,65,99
flowerpot_pqs_1_qs_48.ply,73,72,43,25,70,70,60,33,70,67,57,50,20,40,30,37,70,30,30,70,71,72,40,60,22,50,30,50,58,20
flowerpot_pqs_1_qs_64.ply,23,60,8,15,40,30,50,22,50,20,22,5,13,14,36,11,50,30,30,70,24,10,10,40,37,30,47,40,20,69
flowerpot_referenced.ply,94,90,85,95,90,100,98,82,90,99,86,80,94,49,100,83,100,99,100,70,100,100,90,40,92,100,90,92,87,92
glasses_case_gQP_1_tQP_1.ply,86,76,72,70,70,60,80,74,66,96,76,30,78,46,97,74,60,70,40,70,89,94,90,66,93,92,69,50,76,80
glasses_case_gQP_1_tQP_2.ply,93,85,60,75,70,80,63,50,79,55,81,80,62,53,45,73,61,80,40,52,90,81,85,60,72,100,70,70,84,81
glasses_case_gQP_1_tQP_3.ply,93,86,44,40,40,100,75,21,58,74,78,50,19,43,100,35,60,50,70,35,70,30,50,27,53,71,50,50,50,40
glasses_case_gQP_2_tQP_1.ply,80,72,67,62,60,30,40,50,60,70,66,10,60,47,30,73,46,70,50,85,42,70,50,37,73,60,74,40,70,76
glasses_case_gQP_2_tQP_2.ply,80,70,57,50,70,40,50,43,42,66,43,30,64,40,87,54,40,60,62,50,47,70,40,33,61,71,70,37,86,80
glasses_case_gQP_2_tQP_3.ply,65,72,18,30,10,100,46,35,37,48,44,30,30,42,50,18,40,40,43,30,73,19,45,40,44,50,68,30,58,55
glasses_case_gQP_3_tQP_1.ply,61,47,45,25,10,30,11,43,33,10,41,30,14,31,34,32,30,40,43,38,32,25,30,31,30,30,50,40,30,62
glasses_case_gQP_3_tQP_2.ply,64,60,26,30,10,30,26,40,31,41,34,30,13,32,34,61,50,50,29,37,14,24,20,22,47,31,42,30,35,39
glasses_case_gQP_3_tQP_3.ply,62,62,13,25,10,30,40,35,30,28,21,30,21,24,21,18,70,40,30,25,31,34,30,38,37,30,35,20,47,40
glasses_case_gsigma_0_tsigma_8.ply,92,90,82,95,90,90,99,72,86,95,97,60,94,34,82,88,65,70,80,90,91,95,80,88,93,70,95,92,85,98
glasses_case_gsigma_0_tsigma_16.ply,91,75,72,80,95,100,76,42,75,92,96,60,55,50,68,92,60,50,90,32,89,89,60,50,92,80,64,70,64,80
glasses_case_gsigma_0_tsigma_32.ply,81,71,46,50,60,40,60,43,68,77,60,30,50,47,21,68,50,70,82,38,47,62,50,40,52,50,61,50,61,81
glasses_case_gsigma_2_tsigma_8.ply,75,59,36,47,50,15,74,34,43,54,43,20,27,39,29,56,40,40,30,47,50,50,60,23,39,30,62,60,37,70
glasses_case_gsigma_2_tsigma_16.ply,73,52,60,50,50,50,70,38,50,83,12,60,16,34,67,42,49,30,40,36,45,52,50,24,42,30,48,38,45,54
glasses_case_gsigma_2_tsigma_32.ply,67,58,32,20,60,40,60,17,39,46,36,30,13,37,32,44,40,30,34,32,33,30,40,25,31,30,41,30,37,45
glasses_case_gsigma_4_tsigma_8.ply,53,32,29,20,30,30,60,35,30,46,12,10,10,30,36,21,24,30,28,28,29,24,30,10,43,29,40,30,26,26
glasses_case_gsigma_4_tsigma_16.ply,35,50,24,0,10,30,48,24,29,48,5,20,13,19,79,39,20,30,30,28,30,9,35,13,39,10,38,0,24,42
glasses_case_gsigma_4_tsigma_32.ply,50,28,16,10,30,30,44,20,30,45,5,12,8,34,33,31,23,40,30,40,29,40,50,40,40,0,47,20,34,40
glasses_case_tsl_4_tqs_64.ply,92,89,78,75,70,80,84,64,68,92,86,90,70,48,80,80,60,80,70,35,88,67,70,60,93,80,50,80,90,95
glasses_case_tsl_4_tqs_128.ply,88,76,67,50,70,70,97,50,50,94,80,60,81,43,65,64,85,40,73,45,89,80,70,60,84,70,72,68,83,86
glasses_case_tsl_4_tqs_256.ply,93,74,44,20,20,70,78,37,58,63,36,50,57,18,58,46,60,60,40,60,88,65,45,37,83,40,56,60,92,44
glasses_case_tsl_4_tqs_512.ply,67,65,7,20,39,40,60,34,29,9,50,30,13,34,40,23,30,40,30,33,65,14,40,17,30,30,40,20,25,33
glasses_case_tsl_6_tqs_64.ply,79,66,67,70,40,20,40,70,40,46,75,30,55,36,42,74,38,80,72,38,43,42,50,59,76,50,46,50,75,55
glasses_case_tsl_6_tqs_128.ply,79,75,65,50,50,40,40,50,55,38,74,20,43,44,27,62,50,70,67,50,42,50,50,22,73,50,62,70,74,65
glasses_case_tsl_6_tqs_256.ply,82,65,53,40,30,30,38,38,62,45,28,30,35,36,23,29,50,40,23,48,43,19,35,13,54,40,50,22,50,80
glasses_case_tsl_6_tqs_512.ply,50,46,7,30,0,30,40,25,30,35,24,10,20,38,17,12,8,30,30,30,14,27,40,29,41,30,47,18,22,49
glasses_case_tsl_8_tqs_64.ply,92,91,87,80,70,90,85,50,70,67,88,70,80,46,35,73,60,90,66,77,56,76,70,70,83,60,69,80,90,95
glasses_case_tsl_8_tqs_128.ply,91,83,73,90,60,80,76,60,69,88,79,50,31,42,84,58,60,60,84,93,89,66,70,61,87,79,70,90,72,86
glasses_case_tsl_8_tqs_256.ply,92,80,61,50,60,30,81,43,64,67,31,40,43,35,30,48,40,50,80,47,97,30,60,23,64,50,69,30,78,53
glasses_case_tsl_8_tqs_512.ply,90,62,36,30,50,20,66,33,38,62,28,20,25,36,35,19,40,30,40,28,73,10,40,28,27,30,40,20,32,23
glasses_case_level_7.ply,20,11,10,25,10,30,10,5,17,18,0,0,6,16,3,2,30,10,10,20,8,13,85,14,75,0,30,20,0,23
glasses_case_level_8.ply,31,20,41,37,30,30,17,33,31,6,5,10,8,13,11,3,20,20,59,27,15,10,80,10,65,10,38,26,18,20
glasses_case_level_9.ply,89,73,61,72,90,40,67,50,70,85,68,40,58,40,80,84,50,80,60,56,64,84,50,26,75,50,76,70,91,79
glasses_case_pqs_1_qs_16.ply,89,92,94,95,100,70,87,70,94,94,90,80,83,46,100,83,60,80,90,91,74,95,80,63,94,85,80,87,96,93
glasses_case_pqs_1_qs_32.ply,84,70,88,90,100,80,84,77,74,93,90,80,46,40,92,63,70,70,76,46,90,85,75,65,82,70,82,86,93,97
glasses_case_pqs_1_qs_48.ply,85,74,57,40,90,80,70,44,70,87,75,50,66,44,50,53,68,60,60,54,91,79,75,40,84,50,83,70,88,62
glasses_case_pqs_1_qs_64.ply,82,73,56,40,77,70,66,33,50,81,15,30,39,48,20,36,36,50,60,48,47,42,50,40,84,50,71,50,50,20
glasses_case_referenced.ply,92,86,87,90,100,40,80,93,90,96,95,90,66,48,94,57,80,90,90,77,94,95,85,60,84,80,98,90,75,95
honeydew_melon_gQP_1_tQP_1.ply,83,99,65,66,80,90,85,79,83,70,80,70,83,50,41,82,70,90,70,70,93,100,90,63,86,50,89,70,81,83
honeydew_melon_gQP_1_tQP_2.ply,76,89,44,50,70,44,88,85,70,71,76,50,89,40,83,47,60,80,50,59,82,80,90,88,83,70,50,60,96,69
honeydew_melon_gQP_1_tQP_3.ply,79,88,27,10,50,50,83,64,81,55,30,50,37,41,89,45,30,50,50,57,70,20,70,67,31,50,33,40,42,71
honeydew_melon_gQP_2_tQP_1.ply,73,76,62,40,20,60,81,61,54,58,72,30,45,40,58,66,60,70,40,48,65,60,87,69,83,30,69,50,34,47
honeydew_melon_gQP_2_tQP_2.ply,79,79,21,40,39,40,69,76,69,47,77,30,50,40,94,59,70,50,76,38,72,60,60,73,56,50,45,60,70,48
honeydew_melon_gQP_2_tQP_3.ply,89,73,25,15,30,60,75,43,70,26,56,30,26,38,50,47,40,40,40,47,60,10,40,70,31,30,50,60,82,46
honeydew_melon_gQP_3_tQP_1.ply,64,76,44,25,50,40,45,50,62,44,15,20,50,21,72,67,29,60,30,39,30,40,30,38,67,70,50,30,32,33
honeydew_melon_gQP_3_tQP_2.ply,73,67,37,15,45,0,40,63,50,30,45,10,36,37,33,18,40,50,59,42,50,70,20,66,51,30,36,50,34,60
honeydew_melon_gQP_3_tQP_3.ply,64,71,12,26,30,20,50,46,40,73,45,40,17,36,46,36,54,50,40,39,53,40,40,37,23,40,30,10,40,49
honeydew_melon_gsigma_0_tsigma_8.ply,90,96,86,94,70,100,71,81,76,96,82,90,90,50,97,80,87,70,90,76,88,90,90,90,93,84,70,94,78,85
honeydew_melon_gsigma_0_tsigma_16.ply,94,89,47,60,85,80,80,42,70,100,73,90,77,30,92,91,83,60,60,50,91,80,80,63,84,72,76,50,88,84
honeydew_melon_gsigma_0_tsigma_32.ply,77,71,36,25,70,60,61,41,47,48,33,40,30,38,84,55,40,40,30,30,43,20,70,45,74,30,32,40,65,47
honeydew_melon_gsigma_2_tsigma_8.ply,77,78,54,60,80,60,68,67,55,67,72,50,71,38,50,75,40,60,50,50,70,70,80,73,91,65,44,50,42,63
honeydew_melon_gsigma_2_tsigma_16.ply,71,71,47,30,40,40,50,44,53,71,78,50,44,20,50,72,70,40,40,46,56,40,40,64,63,20,47,91,80,92
honeydew_melon_gsigma_2_tsigma_32.ply,33,60,23,30,50,30,63,33,40,61,30,30,15,33,39,27,30,30,30,32,29,30,20,30,21,30,43,20,35,38
honeydew_melon_gsigma_4_tsigma_8.ply,74,71,29,30,30,40,50,43,41,62,14,40,54,31,27,62,40,30,23,26,47,30,30,38,29,40,29,27,70,69
honeydew_melon_gsigma_4_tsigma_16.ply,50,68,43,20,49,40,60,35,50,59,51,10,30,30,50,60,50,60,41,32,35,10,30,39,55,20,30,33,55,54
honeydew_melon_gsigma_4_tsigma_32.ply,62,59,12,0,50,40,50,37,38,34,14,30,17,30,33,37,40,40,20,31,37,20,29,18,30,10,20,20,32,47
honeydew_melon_tsl_4_tqs_64.ply,74,53,37,50,70,60,44,54,43,20,50,50,28,26,29,75,45,70,62,38,20,60,30,36,75,40,46,50,56,69
honeydew_melon_tsl_4_tqs_128.ply,74,60,38,35,20,20,27,43,60,53,54,20,35,40,37,21,15,60,39,37,21,80,30,45,42,40,47,34,30,67
honeydew_melon_tsl_4_tqs_256.ply,50,60,10,20,20,30,22,36,50,10,10,10,15,37,20,8,30,40,40,37,5,0,30,17,16,30,30,20,50,57
honeydew_melon_tsl_4_tqs_512.ply,52,22,0,0,0,30,6,21,29,11,2,0,3,10,26,5,35,20,8,28,10,0,30,0,8,20,8,9,19,8
honeydew_melon_tsl_6_tqs_64.ply,77,73,57,35,50,70,45,60,47,48,65,30,26,45,50,63,40,70,47,46,50,50,40,80,57,50,55,30,94,43
honeydew_melon_tsl_6_tqs_128.ply,79,75,40,50,40,50,30,36,50,53,28,40,32,41,40,58,50,70,50,40,48,70,50,40,66,70,47,50,61,84
honeydew_melon_tsl_6_tqs_256.ply,60,50,12,30,27,40,30,43,50,58,4,30,27,33,19,22,30,50,40,34,49,30,50,20,39,10,25,20,50,33
honeydew_melon_tsl_6_tqs_512.ply,20,15,7,0,20,40,10,25,26,23,0,10,4,7,20,1,39,30,30,30,11,0,30,12,31,13,10,0,29,7
honeydew_melon_tsl_8_tqs_64.ply,90,94,71,85,80,90,76,84,87,68,83,70,90,40,80,75,69,60,100,75,94,80,83,93,92,90,75,60,43,94
honeydew_melon_tsl_8_tqs_128.ply,86,88,64,60,70,80,87,82,52,99,76,60,66,43,100,61,50,80,81,75,93,90,89,91,93,71,68,50,82,71
honeydew_melon_tsl_8_tqs_256.ply,72,87,30,10,50,70,50,36,50,58,18,20,21,50,39,29,40,40,55,45,42,10,30,47,28,30,39,30,41,70
honeydew_melon_tsl_8_tqs_512.ply,33,18,0,0,70,30,34,21,30,1,15,10,5,10,13,17,35,20,32,22,32,0,10,8,10,11,14,10,23,16
honeydew_melon_level_7.ply,13,10,16,0,8,10,3,4,30,3,0,0,0,23,2,0,10,0,3,12,5,10,0,0,58,0,8,10,3,5
honeydew_melon_level_8.ply,24,45,36,30,30,30,20,20,40,16,3,0,23,20,15,19,24,30,25,20,17,10,10,36,60,5,24,10,27,31
honeydew_melon_level_9.ply,90,91,93,50,70,90,82,65,69,96,83,70,79,45,87,98,70,70,70,62,93,100,60,92,83,90,84,90,70,80
honeydew_melon_pqs_1_qs_16.ply,90,80,93,66,68,80,82,73,69,94,90,70,80,50,97,95,70,40,90,61,93,80,80,80,91,81,87,91,95,90
honeydew_melon_pqs_1_qs_32.ply,89,83,74,50,85,80,66,57,86,76,75,80,61,48,70,41,90,90,70,50,76,90,40,79,86,70,60,60,92,89
honeydew_melon_pqs_1_qs_48.ply,70,73,56,60,70,30,84,45,67,88,45,19,51,40,67,76,60,80,80,42,69,10,60,63,34,40,39,60,63,75
honeydew_melon_pqs_1_qs_64.ply,53,73,23,10,75,60,43,42,37,24,17,30,38,25,11,20,40,20,20,36,44,10,30,38,16,28,23,20,56,44
honeydew_melon_referenced.ply,74,92,92,90,80,70,90,86,83,94,93,80,86,57,76,87,90,80,80,70,90,100,90,73,83,100,86,90,92,90
house_gQP_1_tQP_1.ply,92,92,77,80,80,100,89,83,95,46,62,80,90,50,100,92,95,90,90,66,90,100,100,93,91,66,80,94,96,97
house_gQP_1_tQP_2.ply,67,82,66,68,60,70,81,54,70,64,50,50,38,43,89,64,60,80,63,43,81,80,90,80,76,100,50,70,79,82
house_gQP_1_tQP_3.ply,79,69,23,30,20,40,50,26,50,18,33,10,23,28,43,34,30,60,28,35,50,30,40,44,24,70,40,40,50,40
house_gQP_2_tQP_1.ply,83,79,76,75,50,90,95,76,60,64,70,50,84,45,50,72,55,80,81,41,47,90,50,90,91,80,50,70,94,31
house_gQP_2_tQP_2.ply,89,69,43,30,50,89,59,44,59,57,53,40,57,48,55,55,53,60,40,50,70,40,20,79,70,80,50,50,77,91
house_gQP_2_tQP_3.ply,50,75,25,40,10,70,50,36,63,48,7,10,26,38,47,34,60,40,20,29,29,20,40,65,29,60,40,10,62,41
house_gQP_3_tQP_1.ply,70,65,23,40,75,20,65,44,44,33,9,30,21,46,94,29,30,60,40,38,40,30,30,20,78,40,30,32,47,34
house_gQP_3_tQP_2.ply,61,72,24,45,20,30,72,50,33,20,3,10,29,39,50,33,30,50,50,34,55,10,30,40,67,30,10,40,78,14
house_gQP_3_tQP_3.ply,40,80,0,15,10,40,50,28,28,19,20,30,25,36,27,15,40,40,20,33,43,30,20,13,26,20,20,10,35,40
house_gsigma_0_tsigma_8.ply,93,79,87,50,70,80,79,86,83,93,85,90,89,50,100,87,100,90,90,44,91,90,90,88,91,100,70,94,96,94
house_gsigma_0_tsigma_16.ply,75,69,69,40,80,70,77,45,70,74,88,60,44,42,83,76,90,60,74,49,56,70,80,82,76,50,50,70,91,69
house_gsigma_0_tsigma_32.ply,74,70,50,40,60,40,60,36,57,48,38,30,18,40,50,45,59,60,50,25,29,10,40,52,48,70,40,40,43,72
house_gsigma_2_tsigma_8.ply,63,66,54,40,70,30,78,39,50,46,20,20,38,38,36,55,74,60,40,36,45,30,80,67,55,20,60,30,35,56
house_gsigma_2_tsigma_16.ply,64,62,37,40,60,40,59,35,43,62,39,40,15,38,40,62,50,60,35,26,33,20,70,38,47,60,50,50,27,44
house_gsigma_2_tsigma_32.ply,50,58,26,30,45,0,49,40,45,54,7,30,11,41,31,15,25,30,31,30,33,30,34,19,27,38,30,50,34,45
house_gsigma_4_tsigma_8.ply,53,66,26,37,30,30,60,35,30,40,23,40,18,21,27,41,40,30,40,32,32,30,30,36,37,80,30,10,28,42
house_gsigma_4_tsigma_16.ply,63,48,12,20,40,30,65,30,40,33,8,20,12,30,37,32,10,30,41,25,42,10,50,45,53,20,30,5,45,38
house_gsigma_4_tsigma_32.ply,21,18,9,7,30,14,61,26,35,9,5,20,13,20,10,59,23,20,30,33,30,40,20,5,32,30,30,10,61,38
house_tsl_4_tqs_64.ply,86,71,32,65,30,30,75,39,70,69,50,50,5,41,94,53,83,70,91,58,73,70,70,80,64,80,30,60,62,33
house_tsl_4_tqs_128.ply,92,74,27,60,40,70,67,39,61,39,42,40,59,39,30,53,60,30,27,52,43,80,40,50,77,81,30,70,50,43
house_tsl_4_tqs_256.ply,74,50,16,30,30,40,50,32,39,30,9,30,24,41,24,28,40,30,40,40,47,30,30,40,39,50,30,30,40,48
house_tsl_4_tqs_512.ply,26,47,6,20,10,30,46,37,30,12,0,20,5,10,20,9,40,10,14,11,39,20,30,11,29,70,20,30,26,32
house_tsl_6_tqs_64.ply,96,90,87,90,70,95,80,83,72,87,83,70,82,40,73,90,80,80,99,62,83,80,65,91,78,40,90,74,82,85
house_tsl_6_tqs_128.ply,90,79,61,56,60,30,76,42,59,87,82,50,47,34,70,58,60,70,80,71,89,80,80,80,86,80,80,60,78,80
house_tsl_6_tqs_256.ply,46,65,35,35,30,70,64,40,43,55,8,30,30,39,32,33,30,50,50,35,50,10,30,50,44,40,30,30,52,38
house_tsl_6_tqs_512.ply,30,50,8,30,0,50,34,35,28,20,17,30,12,25,29,15,30,40,30,34,48,10,30,22,14,40,20,10,17,36
house_tsl_8_tqs_64.ply,90,90,84,90,80,60,87,64,87,50,85,70,94,40,74,82,88,80,80,80,86,90,100,95,93,50,90,90,86,91
house_tsl_8_tqs_128.ply,80,67,73,65,60,90,97,72,70,86,90,50,85,49,35,67,70,80,76,52,74,90,30,95,75,70,60,80,91,67
house_tsl_8_tqs_256.ply,62,74,37,30,50,70,67,39,60,63,14,50,32,45,32,6,50,60,50,41,69,70,60,50,29,70,40,40,60,31
house_tsl_8_tqs_512.ply,42,56,28,10,10,30,39,16,37,10,17,9,10,22,25,7,44,30,31,46,29,10,31,33,23,20,30,8,78,38
house_level_7.ply,19,2,14,0,30,20,7,3,9,0,0,0,7,10,7,0,10,10,9,13,4,0,0,5,0,20,20,8,0,4
house_level_8.ply,27,63,42,30,10,20,13,20,39,0,5,0,9,10,7,15,30,20,10,11,17,10,10,38,17,10,10,9,13,30
house_level_9.ply,72,72,72,80,85,40,60,36,71,65,77,50,74,50,78,73,60,80,60,37,42,50,70,60,90,40,30,50,65,77
house_pqs_1_qs_16.ply,92,84,88,70,96,90,90,81,81,88,85,90,81,47,100,98,100,80,70,85,83,90,70,96,88,90,50,94,69,93
house_pqs_1_qs_32.ply,77,75,73,60,90,90,63,50,80,60,93,10,90,42,30,76,80,70,83,76,50,90,50,95,90,70,50,87,94,68
house_pqs_1_qs_48.ply,65,61,68,50,60,90,67,36,65,59,86,30,32,44,67,59,80,60,80,60,71,70,50,94,85,60,50,77,76,45
house_pqs_1_qs_64.ply,58,63,38,60,50,80,61,34,63,63,22,20,25,38,59,43,80,40,61,43,50,90,20,74,72,70,20,30,40,48
house_referenced.ply,92,93,93,90,100,100,90,83,90,96,80,90,48,47,95,69,90,100,100,80,85,90,90,95,85,100,70,90,87,96
litchi_gQP_1_tQP_1.ply,83,88,73,90,60,60,81,94,78,64,78,70,96,41,91,89,87,90,96,70,81,100,100,59,87,30,90,79,60,100
litchi_gQP_1_tQP_2.ply,91,85,66,70,55,40,99,86,50,53,80,50,41,40,100,56,93,90,73,60,91,70,80,88,92,70,70,92,60,75
litchi_gQP_1_tQP_3.ply,86,78,31,54,50,60,86,37,50,60,65,50,64,43,41,53,86,60,50,26,61,80,80,77,85,60,40,70,43,50
litchi_gQP_2_tQP_1.ply,80,74,58,34,40,40,74,62,50,43,66,60,73,42,90,30,43,80,71,33,42,90,100,85,58,90,40,88,40,80
litchi_gQP_2_tQP_2.ply,80,74,50,45,40,40,87,50,40,28,41,40,44,34,60,33,70,70,59,43,57,30,60,61,42,50,70,90,40,40
litchi_gQP_2_tQP_3.ply,65,71,22,24,9,30,71,40,40,38,33,10,38,39,41,26,76,60,40,30,46,10,80,53,27,30,40,80,40,60
litchi_gQP_3_tQP_1.ply,87,60,28,46,20,40,57,56,40,29,43,30,45,30,89,37,45,70,48,34,51,40,40,44,24,30,20,63,16,50
litchi_gQP_3_tQP_2.ply,63,60,43,30,8,20,63,59,38,31,40,20,51,37,67,70,30,50,40,33,55,30,70,56,40,30,20,64,8,80
litchi_gQP_3_tQP_3.ply,60,60,27,20,20,45,55,34,28,39,18,10,18,29,39,23,20,50,20,28,45,10,40,40,40,40,30,50,10,30
litchi_gsigma_0_tsigma_8.ply,95,96,88,100,97,70,91,85,69,100,93,90,97,60,83,98,90,90,100,75,98,90,100,90,100,100,90,100,40,90
litchi_gsigma_0_tsigma_16.ply,90,83,50,70,90,70,100,81,80,93,90,70,25,44,81,57,80,70,80,40,61,60,100,96,84,100,60,93,21,80
litchi_gsigma_0_tsigma_32.ply,81,63,46,20,50,30,61,30,74,68,23,40,25,38,50,53,40,30,40,30,47,30,40,50,35,30,60,90,38,30
litchi_gsigma_2_tsigma_8.ply,93,79,66,70,90,70,67,43,50,46,91,70,71,42,86,76,40,40,63,50,56,90,50,93,73,70,40,90,5,50
litchi_gsigma_2_tsigma_16.ply,88,82,58,27,85,60,65,33,57,75,77,50,60,38,25,62,60,60,50,34,47,30,20,58,47,70,50,90,32,71
litchi_gsigma_2_tsigma_32.ply,71,54,32,30,70,40,74,30,42,33,17,20,34,33,30,21,60,30,45,30,50,30,20,46,15,100,40,53,33,40
litchi_gsigma_4_tsigma_8.ply,82,78,28,45,45,40,72,36,40,55,40,30,36,35,79,34,45,40,30,30,39,40,40,43,37,20,50,70,32,50
litchi_gsigma_4_tsigma_16.ply,79,78,50,30,48,40,73,39,44,62,55,40,37,30,26,28,30,50,60,33,45,60,10,33,38,40,40,78,34,30
litchi_gsigma_4_tsigma_32.ply,67,50,27,16,45,20,48,31,38,36,63,30,5,30,39,38,20,20,30,35,30,50,40,36,38,40,50,70,13,30
litchi_tsl_4_tqs_64.ply,84,46,13,50,10,40,93,34,50,57,33,20,26,39,55,27,40,70,50,46,60,10,30,40,28,40,40,82,31,80
litchi_tsl_4_tqs_128.ply,73,61,15,40,30,30,99,30,29,7,45,20,9,11,21,24,60,70,30,38,34,30,30,20,27,60,30,67,30,80
litchi_tsl_4_tqs_256.ply,57,56,27,10,29,30,64,33,31,38,9,10,7,10,29,6,50,30,22,30,37,0,20,26,12,70,20,50,20,30
litchi_tsl_4_tqs_512.ply,29,28,0,30,7,20,29,16,27,7,0,0,4,19,21,5,40,10,21,35,29,10,10,30,30,20,20,5,18,30
litchi_tsl_6_tqs_64.ply,83,80,72,70,70,80,87,67,70,65,95,50,70,44,79,56,66,90,58,66,92,100,60,92,94,90,60,100,50,90
litchi_tsl_6_tqs_128.ply,90,80,63,20,70,70,100,64,70,98,73,50,61,45,50,31,70,90,70,60,90,20,40,72,52,100,30,70,50,100
litchi_tsl_6_tqs_256.ply,49,50,14,30,29,70,73,33,36,59,20,10,23,45,27,9,60,50,50,35,40,20,70,50,26,100,30,70,25,50
litchi_tsl_6_tqs_512.ply,50,32,6,5,10,40,33,26,28,44,3,0,8,20,22,2,30,10,50,32,27,20,30,9,22,60,30,54,38,30
litchi_tsl_8_tqs_64.ply,93,90,85,85,90,90,97,83,72,93,86,70,96,44,86,96,80,80,100,74,94,100,100,98,96,70,90,100,50,100
litchi_tsl_8_tqs_128.ply,91,82,61,40,85,100,100,56,50,93,48,40,45,35,80,41,90,70,90,69,78,100,50,87,90,40,90,97,30,100
litchi_tsl_8_tqs_256.ply,77,74,50,44,50,90,60,38,50,38,65,30,28,39,27,14,74,70,67,34,66,60,50,34,47,50,40,82,62,60
litchi_tsl_8_tqs_512.ply,63,63,8,20,20,40,43,36,30,46,21,10,6,34,23,8,30,30,40,35,37,20,30,20,37,30,30,60,18,30
litchi_level_7.ply,20,10,13,10,10,10,9,7,17,1,0,0,2,5,0,21,8,0,20,14,11,10,0,3,0,30,10,0,10,0
litchi_level_8.ply,40,47,55,40,10,30,17,25,60,37,10,0,10,24,7,41,20,30,43,22,35,20,10,14,6,40,10,40,32,80
litchi_level_9.ply,95,96,88,95,80,100,86,82,83,97,94,90,91,50,93,92,90,80,90,60,93,100,100,94,78,30,50,100,95,100
litchi_pqs_1_qs_16.ply,92,83,93,100,100,90,100,98,73,90,88,90,93,50,96,97,80,70,100,71,93,100,100,91,85,68,90,94,50,100
litchi_pqs_1_qs_32.ply,80,75,75,80,80,80,51,41,58,82,83,40,54,40,87,84,90,70,73,72,85,30,100,60,90,40,90,90,40,70
litchi_pqs_1_qs_48.ply,64,68,50,37,50,70,54,34,50,29,62,30,16,30,33,35,75,70,40,58,44,40,21,47,51,20,40,85,18,50
litchi_pqs_1_qs_64.ply,52,70,27,4,50,50,35,25,31,20,21,10,25,36,32,24,50,30,30,34,47,10,20,15,27,90,30,62,40,20
litchi_referenced.ply,95,97,91,100,100,80,96,83,93,100,90,90,83,48,46,100,90,90,95,93,91,100,100,94,47,100,90,100,100,100
mushroom_gQP_1_tQP_1.ply,75,50,90,90,77,60,63,79,50,61,43,96,92,70,80,77,65,90,100,60,96,84,80,50,92,70,80,57,83,84
mushroom_gQP_1_tQP_2.ply,20,60,60,60,38,38,47,13,20,14,21,31,45,70,40,34,46,46,70,70,65,55,70,30,50,40,50,27,13,57
mushroom_gQP_1_tQP_3.ply,15,45,70,50,35,42,56,12,10,22,33,30,13,50,30,60,39,57,10,20,42,34,70,30,53,32,40,18,30,56
mushroom_gQP_2_tQP_1.ply,50,60,60,63,64,40,45,50,40,83,46,30,30,97,70,55,50,45,90,50,80,39,72,30,84,68,100,43,52,70
mushroom_gQP_2_tQP_2.ply,30,45,60,74,36,50,64,38,60,26,37,17,53,80,60,37,30,50,10,30,64,40,70,50,44,46,40,25,15,61
mushroom_gQP_2_tQP_3.ply,10,30,50,44,35,50,47,1,10,8,33,26,43,50,30,20,38,44,20,24,32,26,80,30,57,39,30,4,16,63
mushroom_gQP_3_tQP_1.ply,35,50,30,39,43,30,12,9,30,50,33,32,25,36,50,40,44,12,20,0,43,38,40,10,70,10,10,20,37,57
mushroom_gQP_3_tQP_2.ply,10,20,30,46,45,35,29,2,30,14,33,25,4,30,40,30,26,36,10,28,18,36,80,20,29,24,14,8,28,49
mushroom_gQP_3_tQP_3.ply,0,20,4,48,43,31,37,8,10,13,16,30,14,33,30,20,34,35,20,0,37,10,35,20,30,31,10,10,12,43
mushroom_gsigma_0_tsigma_8.ply,90,80,100,83,93,77,95,85,90,67,51,98,97,100,90,96,70,90,100,100,92,72,100,70,100,100,90,96,92,100
mushroom_gsigma_0_tsigma_16.ply,55,80,80,79,44,70,97,93,90,38,50,98,93,60,80,90,58,90,80,40,72,92,20,70,92,20,80,37,43,61
mushroom_gsigma_0_tsigma_32.ply,26,70,60,70,42,50,63,66,40,33,36,35,55,44,50,29,38,45,50,60,55,50,62,40,50,29,50,27,61,56
mushroom_gsigma_2_tsigma_8.ply,40,65,60,85,43,50,53,80,60,39,38,50,66,40,40,50,40,48,80,60,17,63,70,40,58,30,40,46,41,72
mushroom_gsigma_2_tsigma_16.ply,25,60,60,65,42,50,70,71,40,31,46,78,39,30,50,40,40,45,40,50,35,53,30,40,73,7,30,27,37,57
mushroom_gsigma_2_tsigma_32.ply,30,70,40,39,30,54,30,45,30,14,29,22,78,42,30,40,31,41,70,20,38,48,30,30,60,29,50,22,26,71
mushroom_gsigma_4_tsigma_8.ply,35,40,30,67,42,50,57,13,30,20,36,32,46,40,40,30,44,45,70,30,30,51,70,40,75,23,75,20,27,78
mushroom_gsigma_4_tsigma_16.ply,30,50,40,50,43,52,58,11,30,11,39,33,63,60,30,20,23,31,20,40,40,38,41,30,90,37,30,26,18,58
mushroom_gsigma_4_tsigma_32.ply,20,40,30,61,25,40,34,20,30,7,33,30,35,26,40,20,26,12,20,30,30,23,60,30,23,28,30,11,15,63
mushroom_tsl_4_tqs_64.ply,30,10,40,60,57,30,24,9,10,46,30,50,26,45,60,28,40,30,10,20,62,82,10,10,60,8,40,4,33,39
mushroom_tsl_4_tqs_128.ply,20,10,30,50,38,28,13,10,10,18,16,88,26,50,40,40,34,33,30,20,39,47,30,0,40,30,30,7,15,36
mushroom_tsl_4_tqs_256.ply,41,5,40,46,41,30,11,0,10,17,31,17,29,40,30,8,40,13,10,70,26,43,20,10,40,27,30,10,3,47
mushroom_tsl_4_tqs_512.ply,13,10,40,40,24,21,13,3,20,8,11,30,11,33,30,20,30,9,10,10,10,10,40,20,16,21,10,8,7,41
mushroom_tsl_6_tqs_64.ply,40,60,70,43,54,70,82,79,80,76,43,78,66,50,70,40,48,93,90,70,61,73,60,50,64,40,93,50,84,76
mushroom_tsl_6_tqs_128.ply,40,40,90,53,66,39,53,74,40,25,39,38,40,100,70,30,38,73,50,30,50,42,60,40,50,19,50,40,54,60
mushroom_tsl_6_tqs_256.ply,10,40,40,62,22,50,37,12,30,18,40,37,38,40,30,14,40,47,30,30,37,58,30,30,40,10,30,35,11,42
mushroom_tsl_6_tqs_512.ply,20,19,50,50,21,30,20,25,10,4,13,20,7,17,30,30,28,28,10,17,30,38,30,30,30,21,30,6,6,46
mushroom_tsl_8_tqs_64.ply,85,70,70,86,81,81,76,82,80,61,50,41,93,64,80,100,80,94,100,85,100,100,100,50,100,40,92,74,91,91
mushroom_tsl_8_tqs_128.ply,20,60,80,100,74,71,69,67,50,28,45,50,62,60,80,81,40,77,100,70,78,69,80,50,81,28,50,50,48,77
mushroom_tsl_8_tqs_256.ply,15,20,70,52,37,50,45,50,20,15,37,40,43,40,50,30,35,43,30,40,43,61,70,30,60,15,50,16,51,63
mushroom_tsl_8_tqs_512.ply,0,20,30,35,33,45,37,5,10,21,15,19,18,60,40,40,35,40,10,40,25,33,30,30,15,30,50,12,6,42
mushroom_level_7.ply,0,2,9,10,4,16,0,0,0,3,3,8,3,20,10,9,24,5,0,0,37,0,30,10,5,12,0,5,15,6
mushroom_level_8.ply,10,30,30,29,19,29,19,0,10,11,23,21,3,30,30,27,24,10,10,0,17,6,30,10,20,18,0,5,23,34
mushroom_level_9.ply,40,50,65,63,52,89,67,78,40,50,38,41,58,40,40,90,44,88,60,40,80,82,70,40,80,33,80,57,26,66
mushroom_pqs_1_qs_16.ply,75,80,100,57,72,65,90,88,90,90,48,62,94,90,100,90,70,91,100,90,95,77,90,50,95,63,90,93,83,93
mushroom_pqs_1_qs_32.ply,60,50,94,70,42,69,86,83,50,46,40,24,64,53,70,80,50,70,90,40,85,96,80,30,90,50,74,33,74,62
mushroom_pqs_1_qs_48.ply,30,70,30,36,50,40,42,64,10,14,36,31,38,50,60,65,40,70,30,30,80,59,40,20,83,39,50,30,6,77
mushroom_pqs_1_qs_64.ply,20,70,90,36,37,58,55,18,8,20,42,34,45,51,40,40,46,30,30,30,43,44,30,20,50,30,40,14,7,51
mushroom_referenced.ply,90,40,70,90,84,82,88,90,90,76,52,100,96,60,60,90,67,92,100,100,85,92,100,90,90,100,80,80,84,94
pen_container_gQP_1_tQP_1.ply,91,55,90,37,58,60,66,40,67,66,85,70,84,58,68,20,50,93,74,30,80,100,30,80,45,97,74,71,100,58
pen_container_gQP_1_tQP_2.ply,65,50,47,53,74,80,64,45,58,57,70,80,84,52,77,90,80,93,87,70,40,92,40,70,50,83,64,25,90,60
pen_container_gQP_1_tQP_3.ply,90,43,62,11,68,50,29,40,40,67,40,60,21,44,26,60,30,90,47,40,50,70,63,50,25,53,57,26,50,38
pen_container_gQP_2_tQP_1.ply,77,38,47,40,60,90,43,37,77,39,60,70,55,54,46,70,40,70,57,30,50,100,37,50,30,78,68,50,45,30
pen_container_gQP_2_tQP_2.ply,62,73,42,17,40,11,36,43,50,17,40,50,30,37,54,70,50,66,42,40,30,88,15,50,37,88,56,5,50,60
pen_container_gQP_2_tQP_3.ply,80,58,50,22,33,40,44,29,50,28,52,70,67,35,50,70,40,50,39,58,40,83,47,30,23,64,63,23,10,40
pen_container_gQP_3_tQP_1.ply,69,35,46,40,32,20,40,33,31,39,30,50,30,43,49,30,40,43,31,20,20,60,10,20,20,72,59,19,15,54
pen_container_gQP_3_tQP_2.ply,70,53,50,15,21,20,29,32,65,13,30,60,39,36,45,20,60,57,45,50,20,62,40,30,25,86,66,21,45,60
pen_container_gQP_3_tQP_3.ply,78,43,30,10,53,10,15,40,32,16,40,40,20,35,47,20,40,31,18,30,20,76,26,30,12,82,60,43,7,56
pen_container_gsigma_0_tsigma_8.ply,74,63,79,80,95,90,72,41,90,95,90,80,91,90,90,90,90,95,84,20,80,100,91,100,85,90,98,100,100,80
pen_container_gsigma_0_tsigma_16.ply,80,65,72,86,82,80,86,46,62,63,60,80,80,70,74,90,70,88,79,70,70,82,14,50,82,38,69,32,84,70
pen_container_gsigma_0_tsigma_32.ply,41,43,58,64,58,30,33,41,58,61,40,50,39,33,17,60,70,81,45,57,40,60,12,50,35,37,61,8,50,46
pen_container_gsigma_2_tsigma_8.ply,76,41,50,61,58,90,44,44,38,75,40,50,45,30,46,30,70,70,54,50,30,70,30,70,32,45,52,30,61,50
pen_container_gsigma_2_tsigma_16.ply,84,36,58,30,71,40,40,37,57,59,40,30,40,28,43,60,30,66,41,30,40,70,20,30,33,16,66,25,43,47
pen_container_gsigma_2_tsigma_32.ply,61,26,60,84,40,30,10,31,37,55,40,40,20,36,17,30,30,15,30,30,40,50,12,30,13,25,79,18,61,37
pen_container_gsigma_4_tsigma_8.ply,54,37,43,19,18,20,10,32,30,56,30,20,42,30,30,30,20,50,40,70,30,50,40,20,13,30,48,16,65,40
pen_container_gsigma_4_tsigma_16.ply,70,33,37,33,40,20,11,30,50,25,40,40,20,30,29,30,40,18,69,30,30,53,19,10,10,26,33,37,45,20
pen_container_gsigma_4_tsigma_32.ply,42,33,35,31,8,10,6,26,10,38,37,20,19,35,30,30,40,9,20,80,30,73,12,30,10,18,53,27,30,20
pen_container_tsl_4_tqs_64.ply,61,44,29,16,4,10,19,30,10,6,25,40,30,40,4,0,29,20,5,50,10,26,20,20,3,7,22,18,0,20
pen_container_tsl_4_tqs_128.ply,44,35,24,0,5,10,0,7,89,12,30,50,35,34,19,10,30,3,29,30,20,90,36,0,0,82,28,0,0,29
pen_container_tsl_4_tqs_256.ply,44,18,26,17,0,12,9,23,13,26,30,30,30,40,8,10,40,8,16,50,10,40,11,30,0,8,28,25,6,10
pen_container_tsl_4_tqs_512.ply,59,34,28,17,5,10,18,6,28,4,26,20,20,22,5,10,29,31,2,30,10,27,10,10,0,6,29,0,0,20
pen_container_tsl_6_tqs_64.ply,91,82,90,47,70,80,81,39,85,64,80,90,60,75,91,100,94,54,84,60,80,100,77,80,50,79,62,34,80,81
pen_container_tsl_6_tqs_128.ply,75,41,50,45,84,60,63,50,40,65,40,70,50,44,69,70,70,61,62,70,50,90,87,80,48,90,75,56,60,89
pen_container_tsl_6_tqs_256.ply,63,27,61,36,52,40,32,45,31,56,43,40,85,40,42,60,60,41,33,30,40,60,20,50,24,15,53,11,50,45
pen_container_tsl_6_tqs_512.ply,54,16,31,24,1,10,8,36,50,13,40,30,30,28,44,20,40,20,39,30,40,50,20,30,10,7,43,13,0,29
pen_container_tsl_8_tqs_64.ply,88,66,87,96,77,70,75,50,80,74,60,90,80,100,89,80,90,88,83,70,50,100,40,80,78,90,85,89,100,71
pen_container_tsl_8_tqs_128.ply,67,57,75,77,86,70,87,47,71,63,50,80,60,75,62,100,80,85,85,50,50,98,70,80,90,74,84,80,86,71
pen_container_tsl_8_tqs_256.ply,76,39,69,56,74,60,19,44,50,26,50,60,60,50,80,80,50,65,70,70,30,70,20,71,46,87,71,25,50,40
pen_container_tsl_8_tqs_512.ply,70,35,53,27,23,10,22,24,58,36,58,30,30,33,26,50,40,36,37,60,40,70,50,20,15,12,29,17,20,39
pen_container_level_7.ply,20,5,17,16,0,0,2,13,0,2,20,9,10,28,7,10,0,3,7,10,10,20,14,0,15,8,31,0,0,0
pen_container_level_8.ply,42,29,50,30,16,10,12,19,27,25,30,30,30,30,28,30,20,20,10,10,30,40,30,16,16,23,48,11,13,30
pen_container_level_9.ply,66,41,58,78,77,90,73,45,100,67,60,90,40,58,69,90,80,85,71,80,50,90,42,70,6,83,68,79,67,30
pen_container_pqs_1_qs_16.ply,80,60,88,100,88,90,84,50,79,96,70,100,80,81,90,90,100,87,76,100,80,100,63,90,94,91,85,88,90,80
pen_container_pqs_1_qs_32.ply,80,58,92,27,82,50,61,49,98,93,43,70,60,60,73,90,60,80,95,73,50,90,42,90,80,87,84,73,80,61
pen_container_pqs_1_qs_48.ply,70,40,67,63,77,60,42,44,40,64,40,60,61,37,59,90,60,70,97,60,50,84,40,50,63,82,83,70,90,80
pen_container_pqs_1_qs_64.ply,64,43,80,60,45,10,47,41,80,43,40,60,50,41,30,70,30,56,85,80,60,60,20,50,30,70,60,41,60,61
pen_container_referenced.ply,86,75,77,99,74,80,78,41,95,57,100,100,70,92,93,90,60,90,98,80,70,100,60,100,83,93,96,97,92,73
pineapple_gQP_1_tQP_1.ply,53,80,50,90,46,70,78,50,80,80,48,91,80,98,95,82,63,90,70,64,100,62,81,83,68,80,80,60,90,90
pineapple_gQP_1_tQP_2.ply,61,75,40,46,48,42,42,40,70,50,43,93,50,85,78,91,60,40,70,30,70,42,15,73,29,70,68,70,90,81
pineapple_gQP_1_tQP_3.ply,65,66,30,24,37,25,22,60,30,40,38,50,70,70,27,62,70,40,70,33,50,29,51,67,37,65,20,30,50,56
pineapple_gQP_2_tQP_1.ply,62,80,40,61,42,28,71,50,70,70,43,70,70,71,87,86,50,80,94,40,80,52,62,62,50,74,30,30,84,90
pineapple_gQP_2_tQP_2.ply,52,47,20,41,39,38,35,50,50,60,50,68,50,60,50,47,60,50,81,30,70,25,63,59,16,50,29,30,80,70
pineapple_gQP_2_tQP_3.ply,35,55,10,8,33,19,36,70,30,57,34,50,10,30,30,63,100,30,70,30,85,30,19,43,14,40,30,30,50,60
pineapple_gQP_3_tQP_1.ply,31,28,40,38,38,33,60,53,70,40,37,38,60,50,50,73,70,40,80,36,40,43,38,69,46,35,70,20,75,61
pineapple_gQP_3_tQP_2.ply,49,70,30,39,39,36,54,40,50,34,42,80,70,70,40,58,30,50,83,10,76,11,35,51,20,40,73,20,70,70
pineapple_gQP_3_tQP_3.ply,30,13,30,24,24,26,18,40,30,50,40,47,10,30,26,35,90,20,57,37,30,30,16,43,3,40,41,30,30,66
pineapple_gsigma_0_tsigma_8.ply,74,61,80,94,49,63,83,58,70,80,64,93,90,80,94,83,50,70,94,100,50,95,80,93,76,100,62,80,100,84
pineapple_gsigma_0_tsigma_16.ply,79,79,60,64,41,40,88,70,80,50,67,79,60,60,64,72,50,50,90,31,50,69,72,73,64,80,71,70,80,83
pineapple_gsigma_0_tsigma_32.ply,73,43,40,42,33,27,59,30,40,50,34,40,40,50,53,52,60,30,87,20,50,30,46,59,22,75,61,80,50,90
pineapple_gsigma_2_tsigma_8.ply,69,68,50,56,39,83,49,63,60,70,37,57,80,60,45,52,40,50,60,36,80,36,24,70,30,30,61,60,40,44
pineapple_gsigma_2_tsigma_16.ply,67,48,10,14,40,44,46,37,60,50,46,53,30,40,60,40,40,40,87,14,50,38,27,68,4,65,70,30,80,74
pineapple_gsigma_2_tsigma_32.ply,68,56,10,15,37,32,34,37,30,33,33,22,60,40,31,34,30,40,20,30,15,16,28,61,29,60,39,30,40,54
pineapple_gsigma_4_tsigma_8.ply,63,58,30,20,39,50,46,40,40,40,34,33,40,40,34,41,70,30,63,34,20,30,17,51,8,50,30,40,40,45
pineapple_gsigma_4_tsigma_16.ply,43,65,40,8,38,31,46,40,30,40,36,36,40,40,46,39,80,30,50,11,30,30,28,44,12,50,30,30,40,60
pineapple_gsigma_4_tsigma_32.ply,35,53,30,9,20,50,52,40,30,38,38,34,20,50,27,31,35,40,50,30,30,17,7,40,18,40,31,30,40,34
pineapple_tsl_4_tqs_64.ply,80,89,50,77,40,70,84,40,70,61,40,90,100,100,37,80,40,70,90,36,70,66,73,76,25,60,73,60,80,79
pineapple_tsl_4_tqs_128.ply,62,70,30,57,44,29,37,80,70,58,65,70,100,40,75,91,40,70,84,50,90,47,68,74,43,50,71,60,70,70
pineapple_tsl_4_tqs_256.ply,48,8,50,19,40,38,28,64,30,50,40,57,60,70,44,37,30,40,50,40,20,15,27,69,8,46,39,80,50,41
pineapple_tsl_4_tqs_512.ply,11,8,10,7,33,20,12,20,30,30,36,37,10,40,45,19,20,30,40,28,30,22,14,43,4,20,26,30,30,26
pineapple_tsl_6_tqs_64.ply,67,45,40,53,46,30,83,70,50,59,60,53,80,20,62,62,40,70,90,60,90,58,68,66,50,56,70,40,70,63
pineapple_tsl_6_tqs_128.ply,51,35,40,58,45,50,37,47,50,60,39,47,70,40,47,70,100,40,80,12,71,40,58,47,39,70,41,40,80,75
pineapple_tsl_6_tqs_256.ply,53,73,40,12,38,1,21,40,50,26,50,50,70,50,43,35,40,30,80,20,50,35,38,53,29,44,40,70,60,41
pineapple_tsl_6_tqs_512.ply,3,32,10,9,20,31,33,40,30,30,20,49,10,40,42,34,40,30,43,26,30,7,7,51,3,4,30,30,10,44
pineapple_tsl_8_tqs_64.ply,85,90,80,64,41,50,92,53,90,90,70,89,90,80,91,85,90,90,92,100,70,70,48,99,50,86,83,90,90,86
pineapple_tsl_8_tqs_128.ply,68,78,70,7,30,50,93,70,80,97,72,93,90,70,95,79,60,50,90,50,100,71,71,82,49,75,40,90,70,80
pineapple_tsl_8_tqs_256.ply,64,42,20,14,27,36,43,27,30,20,66,70,70,80,43,44,30,50,70,19,40,42,62,67,20,70,62,80,70,76
pineapple_tsl_8_tqs_512.ply,52,2,30,8,35,24,17,29,70,60,33,19,20,30,43,47,80,30,15,30,30,20,5,44,5,40,57,30,40,35
pineapple_level_7.ply,12,0,0,6,10,1,1,30,10,20,15,5,10,10,9,0,20,20,6,15,0,10,8,23,4,0,0,0,10,0
pineapple_level_8.ply,2,3,0,17,12,5,16,20,20,30,20,29,40,5,34,18,21,10,50,18,80,15,10,67,50,30,0,30,9,30
pineapple_level_9.ply,77,71,50,60,45,30,75,71,70,75,53,70,90,70,80,57,40,50,86,40,50,68,46,71,50,69,72,60,90,84
pineapple_pqs_1_qs_16.ply,95,80,60,82,50,90,88,80,80,94,60,95,100,91,74,78,80,70,94,73,90,81,86,94,82,100,83,90,60,90
pineapple_pqs_1_qs_32.ply,69,70,50,43,41,98,78,96,70,50,45,91,60,80,94,52,70,50,86,40,70,68,31,55,47,81,70,80,90,79
pineapple_pqs_1_qs_48.ply,46,46,30,30,30,62,36,50,40,24,48,52,40,20,55,33,30,50,81,34,20,26,26,36,23,90,41,40,60,31
pineapple_pqs_1_qs_64.ply,47,40,10,10,29,1,47,34,30,20,26,16,30,40,2,18,20,20,86,10,30,20,7,46,8,55,0,30,20,54
pineapple_referenced.ply,97,95,80,86,50,93,64,56,100,61,90,93,100,80,94,80,80,90,94,100,80,77,84,100,97,95,81,80,90,89
ping-pong_bat_gQP_1_tQP_1.ply,66,48,93,53,60,70,87,50,70,80,50,94,61,50,30,94,70,80,75,74,75,30,87,74,60,90,69,27,60,44
ping-pong_bat_gQP_1_tQP_2.ply,43,37,71,34,48,50,70,40,46,90,30,60,46,40,50,84,60,70,47,87,72,41,55,70,80,70,85,73,70,57
ping-pong_bat_gQP_1_tQP_3.ply,37,35,71,42,60,80,40,36,33,90,30,60,43,40,30,70,40,50,37,49,74,30,50,30,70,70,41,73,47,40
ping-pong_bat_gQP_2_tQP_1.ply,25,34,50,66,64,50,73,37,74,30,40,69,42,90,50,90,40,90,46,53,78,40,76,29,40,90,42,43,70,55
ping-pong_bat_gQP_2_tQP_2.ply,27,35,80,47,50,70,50,45,53,80,40,80,33,60,40,86,50,50,46,48,57,13,56,54,70,80,48,18,40,46
ping-pong_bat_gQP_2_tQP_3.ply,40,24,30,31,75,30,40,26,43,70,30,70,33,21,30,40,40,50,34,53,70,12,65,55,20,50,46,25,45,34
ping-pong_bat_gQP_3_tQP_1.ply,40,39,50,33,30,30,20,35,47,30,30,64,15,20,20,70,37,30,30,15,70,9,30,20,30,70,28,40,45,28
ping-pong_bat_gQP_3_tQP_2.ply,20,15,37,33,40,60,23,24,41,10,10,54,35,20,20,80,36,30,20,60,52,17,35,30,30,50,30,38,15,21
ping-pong_bat_gQP_3_tQP_3.ply,15,25,46,14,55,50,30,28,46,10,13,50,33,30,40,45,32,20,25,40,49,18,39,28,40,30,39,40,21,34
ping-pong_bat_gsigma_0_tsigma_8.ply,40,47,99,90,75,70,98,50,92,90,100,97,79,80,50,100,70,80,65,84,92,44,100,73,80,100,90,70,80,57
ping-pong_bat_gsigma_0_tsigma_16.ply,30,43,69,39,60,50,90,37,57,80,60,80,58,60,40,90,40,50,40,28,77,15,90,36,53,70,90,60,50,35
ping-pong_bat_gsigma_0_tsigma_32.ply,30,24,50,81,30,30,50,34,45,40,30,47,41,30,40,70,30,30,26,7,65,58,70,52,40,50,32,34,50,32
ping-pong_bat_gsigma_2_tsigma_8.ply,30,37,87,59,50,40,35,37,50,20,82,54,51,40,60,93,30,50,30,15,66,21,40,58,80,50,83,40,40,51
ping-pong_bat_gsigma_2_tsigma_16.ply,37,47,43,53,30,30,20,27,40,20,40,21,39,80,40,60,34,40,14,24,57,50,67,37,30,50,40,38,50,43
ping-pong_bat_gsigma_2_tsigma_32.ply,26,35,38,46,26,30,35,33,30,20,30,27,30,60,30,50,36,30,10,7,59,33,45,43,40,30,40,32,25,24
ping-pong_bat_gsigma_4_tsigma_8.ply,8,30,50,43,30,40,30,40,45,10,40,29,40,40,30,40,39,10,6,8,67,18,44,38,30,50,38,40,45,31
ping-pong_bat_gsigma_4_tsigma_16.ply,10,26,30,34,30,40,20,35,21,20,30,38,35,30,20,60,23,30,13,13,50,18,40,29,30,30,30,24,40,0
ping-pong_bat_gsigma_4_tsigma_32.ply,6,19,38,23,20,10,20,27,30,20,40,20,56,20,40,24,30,20,11,14,67,42,30,40,30,40,11,25,30,28
ping-pong_bat_tsl_4_tqs_64.ply,4,3,0,10,0,1,7,22,8,0,0,0,0,0,10,0,29,0,0,1,18,0,0,0,20,0,0,8,0,4
ping-pong_bat_tsl_4_tqs_128.ply,7,5,2,0,0,10,19,9,5,0,0,0,0,39,10,3,10,0,0,10,8,0,0,10,0,0,0,4,0,4
ping-pong_bat_tsl_4_tqs_256.ply,3,7,2,7,7,10,20,8,3,0,0,0,1,0,10,4,0,0,0,1,2,0,0,9,10,0,0,10,5,0
ping-pong_bat_tsl_4_tqs_512.ply,1,3,5,5,6,20,1,3,2,0,0,0,0,30,10,7,10,0,0,1,2,0,0,0,30,0,0,7,0,4
ping-pong_bat_tsl_6_tqs_64.ply,43,39,94,71,50,70,90,38,71,70,80,65,74,80,50,83,10,71,45,29,63,67,80,61,80,60,78,59,50,67
ping-pong_bat_tsl_6_tqs_128.ply,20,41,33,33,40,40,72,36,57,40,40,61,52,70,20,73,39,30,35,14,69,12,61,30,70,80,50,58,35,54
ping-pong_bat_tsl_6_tqs_256.ply,27,37,33,10,40,30,23,28,46,20,30,39,17,20,20,40,23,30,17,17,53,7,60,43,50,70,20,24,35,25
ping-pong_bat_tsl_6_tqs_512.ply,9,9,20,12,40,30,17,26,40,10,0,20,26,30,30,39,20,30,8,7,49,13,31,30,30,20,29,36,30,45
ping-pong_bat_tsl_8_tqs_64.ply,42,46,90,87,40,80,63,50,75,100,80,90,89,80,80,92,50,70,49,70,80,41,70,40,70,94,80,92,60,90
ping-pong_bat_tsl_8_tqs_128.ply,37,39,46,29,40,20,60,46,49,40,68,50,41,60,30,71,42,50,36,46,79,5,70,40,70,70,30,35,40,44
ping-pong_bat_tsl_8_tqs_256.ply,11,27,30,13,40,30,35,28,45,10,40,50,26,60,40,50,30,40,22,12,63,5,60,20,50,50,30,37,40,35
ping-pong_bat_tsl_8_tqs_512.ply,14,25,22,2,29,30,20,31,47,0,20,27,17,35,30,50,20,30,28,20,60,0,26,29,40,50,31,35,20,40
ping-pong_bat_level_7.ply,5,8,2,0,10,10,10,13,7,10,0,4,4,30,10,63,12,0,5,6,20,10,0,17,0,19,10,12,2,4
ping-pong_bat_level_8.ply,8,24,28,24,17,40,9,24,16,10,0,15,9,30,20,17,28,20,29,9,44,8,31,38,30,30,30,18,35,32
ping-pong_bat_level_9.ply,76,50,95,89,40,90,77,42,95,50,100,96,78,30,70,91,43,50,87,69,77,87,70,90,80,90,100,79,90,88
ping-pong_bat_pqs_1_qs_16.ply,60,50,99,95,60,80,93,41,97,60,100,100,95,70,90,100,50,90,84,70,98,74,100,90,90,90,90,73,100,87
ping-pong_bat_pqs_1_qs_32.ply,20,36,100,28,30,70,60,48,70,30,37,65,57,30,30,80,40,70,35,36,59,38,70,62,40,90,76,68,40,76
ping-pong_bat_pqs_1_qs_48.ply,24,41,21,32,60,30,50,20,48,0,30,42,38,70,30,59,40,50,16,24,47,50,45,40,30,50,31,41,30,31
ping-pong_bat_pqs_1_qs_64.ply,18,23,0,25,60,30,27,14,47,0,18,36,6,30,20,83,11,31,12,7,42,15,16,25,40,60,20,23,20,4
ping-pong_bat_referenced.ply,60,50,97,81,100,90,80,60,97,100,100,99,100,77,90,100,80,70,93,94,100,72,100,90,80,100,100,79,100,93
puer_tea_gQP_1_tQP_1.ply,77,50,80,85,80,89,100,40,95,98,40,90,100,41,90,67,72,68,71,89,74,70,70,90,57,100,85,62,71,50
puer_tea_gQP_1_tQP_2.ply,65,93,90,73,57,93,80,60,62,91,70,50,100,50,100,56,92,72,35,69,71,40,90,81,85,90,84,31,63,50
puer_tea_gQP_1_tQP_3.ply,26,30,40,80,50,49,30,40,84,78,60,30,90,60,30,26,58,51,39,30,39,70,70,90,35,45,75,15,40,50
puer_tea_gQP_2_tQP_1.ply,64,50,70,60,35,68,80,60,61,81,60,50,80,38,70,48,85,72,35,50,30,60,80,78,30,100,69,65,41,96
puer_tea_gQP_2_tQP_2.ply,47,41,80,60,38,87,80,60,70,66,70,40,67,60,70,58,92,48,31,10,61,70,80,30,73,90,77,60,30,50
puer_tea_gQP_2_tQP_3.ply,36,60,60,30,50,44,80,40,50,43,80,20,80,40,5,53,29,45,25,39,30,70,50,40,60,70,74,20,29,50
puer_tea_gQP_3_tQP_1.ply,46,40,70,30,43,46,60,50,67,85,90,30,87,38,30,33,67,65,40,30,43,40,70,20,42,70,41,16,50,50
puer_tea_gQP_3_tQP_2.ply,37,40,70,20,38,29,80,40,57,24,40,30,60,20,30,45,46,55,33,11,29,40,60,80,36,65,73,34,19,14
puer_tea_gQP_3_tQP_3.ply,25,30,30,37,17,70,80,30,42,70,70,20,37,40,30,8,13,30,34,11,30,60,70,30,58,30,45,50,34,30
puer_tea_gsigma_0_tsigma_8.ply,76,90,80,86,52,95,90,86,95,89,70,50,88,59,50,53,72,94,57,90,70,70,90,98,25,95,95,70,70,50
puer_tea_gsigma_0_tsigma_16.ply,58,40,50,67,42,57,20,30,79,56,40,40,50,39,40,50,29,84,38,47,70,40,60,70,40,40,42,68,31,50
puer_tea_gsigma_0_tsigma_32.ply,33,38,30,40,28,36,80,40,26,37,20,20,57,16,20,27,16,58,42,71,60,40,30,46,30,50,28,32,30,50
puer_tea_gsigma_2_tsigma_8.ply,35,29,30,38,34,34,40,60,30,44,30,40,60,19,30,38,35,70,35,68,39,70,50,70,42,65,34,10,31,50
puer_tea_gsigma_2_tsigma_16.ply,40,30,30,28,40,28,40,50,25,36,20,30,32,17,30,24,28,51,21,61,23,40,30,44,32,45,39,10,20,50
puer_tea_gsigma_2_tsigma_32.ply,26,20,30,20,27,31,30,20,39,17,30,30,30,17,20,30,6,68,40,40,30,20,30,31,32,30,26,13,41,17
puer_tea_gsigma_4_tsigma_8.ply,33,40,9,10,30,27,10,30,24,16,30,30,20,20,20,10,15,48,11,45,0,40,70,34,38,45,27,7,24,20
puer_tea_gsigma_4_tsigma_16.ply,6,30,10,9,28,29,20,20,20,18,30,30,31,38,20,14,27,33,35,30,28,40,20,32,34,30,7,20,10,15
puer_tea_gsigma_4_tsigma_32.ply,6,20,10,9,30,28,20,20,19,18,40,10,20,30,0,4,7,36,10,40,20,20,30,19,30,10,11,4,29,10
puer_tea_tsl_4_tqs_64.ply,48,60,40,30,32,7,0,11,43,7,30,10,34,29,50,13,5,27,2,0,40,30,20,9,18,30,78,14,30,10
puer_tea_tsl_4_tqs_128.ply,28,26,40,30,32,4,0,40,57,36,10,20,30,30,50,13,49,18,10,45,20,30,20,7,24,35,75,61,20,11
puer_tea_tsl_4_tqs_256.ply,13,12,30,10,15,7,0,20,20,6,20,10,30,27,15,6,37,44,3,30,0,30,20,0,22,0,13,4,0,0
puer_tea_tsl_4_tqs_512.ply,3,26,10,1,23,15,0,10,3,4,30,10,10,0,10,0,6,3,2,0,0,30,30,0,15,10,20,3,1,15
puer_tea_tsl_6_tqs_64.ply,61,74,100,90,70,87,100,100,95,94,80,80,90,100,80,72,67,92,40,76,66,80,100,84,73,100,83,71,70,87
puer_tea_tsl_6_tqs_128.ply,43,50,70,70,43,97,20,71,87,82,70,50,91,40,90,36,54,53,24,60,71,80,90,60,50,80,76,29,50,50
puer_tea_tsl_6_tqs_256.ply,5,30,20,30,38,26,10,30,47,30,40,30,30,38,30,27,42,65,31,40,10,50,40,21,38,15,69,10,29,19
puer_tea_tsl_6_tqs_512.ply,7,30,60,20,26,42,0,30,35,16,20,10,13,23,0,5,6,34,6,20,0,40,10,10,18,30,40,4,20,9
puer_tea_tsl_8_tqs_64.ply,20,70,90,80,78,89,90,100,80,90,40,90,75,50,60,85,58,97,55,97,83,80,70,80,90,70,97,60,41,83
puer_tea_tsl_8_tqs_128.ply,43,56,40,61,56,85,60,80,81,87,55,50,70,50,30,38,70,53,32,60,70,80,100,89,35,65,92,50,50,50
puer_tea_tsl_8_tqs_256.ply,24,40,40,59,33,61,10,50,63,39,30,30,40,18,30,20,24,54,15,60,39,80,60,24,30,40,57,24,30,8
puer_tea_tsl_8_tqs_512.ply,18,20,40,10,38,30,0,20,27,16,40,20,30,40,0,20,17,42,10,15,27,30,30,5,34,24,38,6,10,14
puer_tea_level_7.ply,0,4,0,10,17,4,10,0,0,0,80,10,10,0,0,4,7,18,4,0,0,0,20,10,5,0,4,3,0,7
puer_tea_level_8.ply,13,10,20,20,23,29,30,0,22,7,30,10,11,7,20,30,12,35,4,30,20,10,20,20,20,40,20,10,10,20
puer_tea_level_9.ply,94,60,70,92,44,56,90,80,94,91,70,70,73,50,50,78,82,85,58,86,77,70,85,91,77,100,100,58,70,50
puer_tea_pqs_1_qs_16.ply,80,30,70,80,70,88,90,100,96,90,100,90,98,74,98,70,76,96,86,100,90,90,100,69,82,70,100,93,90,87
puer_tea_pqs_1_qs_32.ply,40,74,80,30,48,66,40,100,61,46,30,30,80,40,80,60,14,70,50,50,80,70,90,55,64,60,60,36,38,50
puer_tea_pqs_1_qs_48.ply,27,20,40,47,37,76,30,60,86,88,70,40,90,57,50,72,16,61,43,50,71,30,80,70,44,45,67,36,30,50
puer_tea_pqs_1_qs_64.ply,37,30,20,61,36,74,70,50,62,58,100,50,73,31,30,25,28,64,11,50,71,40,40,50,72,49,68,32,29,50
puer_tea_referenced.ply,86,90,80,86,97,98,100,100,94,93,64,90,100,96,71,86,61,91,100,80,90,70,70,100,88,100,95,70,70,50
pumpkin_gQP_1_tQP_1.ply,70,84,91,61,90,95,71,54,70,92,65,90,72,68,66,88,80,70,70,100,87,63,90,99,90,50,60,70,84,70
pumpkin_gQP_1_tQP_2.ply,80,44,71,100,70,82,93,70,70,70,40,50,55,72,73,30,60,60,70,70,85,76,70,71,60,40,50,10,60,60
pumpkin_gQP_1_tQP_3.ply,40,45,50,50,40,40,58,80,40,50,30,40,30,43,61,15,50,47,60,50,81,42,47,46,30,29,50,10,40,40
pumpkin_gQP_2_tQP_1.ply,50,58,56,60,40,79,72,70,50,90,34,70,50,62,58,54,56,30,40,80,77,48,99,73,68,30,27,40,92,60
pumpkin_gQP_2_tQP_2.ply,38,47,73,90,54,59,66,60,60,86,39,50,40,73,78,37,60,63,30,80,45,34,36,64,20,0,50,70,80,70
pumpkin_gQP_2_tQP_3.ply,50,20,45,40,60,53,72,80,30,60,30,50,35,17,71,11,40,67,50,50,57,26,40,44,50,29,33,20,70,50
pumpkin_gQP_3_tQP_1.ply,30,43,50,70,40,58,64,30,30,70,13,50,28,74,56,17,50,36,40,80,60,40,45,87,60,30,50,10,70,50
pumpkin_gQP_3_tQP_2.ply,30,35,30,30,40,70,44,30,30,85,6,50,34,50,64,11,30,39,30,70,50,56,50,43,35,11,30,20,70,50
pumpkin_gQP_3_tQP_3.ply,40,37,45,20,20,46,42,40,30,40,26,30,18,45,65,3,45,38,30,70,20,28,35,54,10,32,16,10,60,50
pumpkin_gsigma_0_tsigma_8.ply,81,94,94,100,100,89,92,100,60,92,56,100,96,85,97,90,100,40,70,80,94,90,90,89,93,40,50,90,96,70
pumpkin_gsigma_0_tsigma_16.ply,70,50,50,80,60,85,75,70,70,70,32,70,80,74,75,97,85,62,40,90,86,73,70,71,93,33,32,89,80,60
pumpkin_gsigma_0_tsigma_32.ply,60,36,33,60,40,17,59,40,40,71,30,50,36,13,60,9,80,67,70,80,60,58,40,42,60,40,50,15,60,50
pumpkin_gsigma_2_tsigma_8.ply,59,42,50,90,42,65,72,30,50,59,14,40,63,52,52,56,50,72,70,70,78,70,70,82,54,31,50,10,80,50
pumpkin_gsigma_2_tsigma_16.ply,60,35,38,80,71,60,51,70,40,50,50,30,42,54,79,29,50,70,40,75,69,27,44,74,60,30,50,10,60,50
pumpkin_gsigma_2_tsigma_32.ply,33,32,31,40,30,33,23,60,30,61,40,30,33,15,70,25,60,53,30,80,68,26,40,44,64,20,16,10,77,40
pumpkin_gsigma_4_tsigma_8.ply,30,35,19,30,40,73,68,60,40,60,37,30,25,16,49,27,40,38,40,40,50,38,47,54,33,40,50,40,60,40
pumpkin_gsigma_4_tsigma_16.ply,30,30,42,60,30,4,24,30,40,50,32,31,13,16,72,63,40,30,40,40,65,31,45,38,70,30,50,9,76,50
pumpkin_gsigma_4_tsigma_32.ply,42,37,14,60,30,16,34,39,20,40,8,30,22,16,59,21,40,29,20,40,38,32,30,38,40,11,19,0,43,50
pumpkin_tsl_4_tqs_64.ply,50,82,83,100,94,80,78,70,50,87,62,90,77,92,92,90,90,90,70,70,80,88,95,86,60,50,97,100,78,90
pumpkin_tsl_4_tqs_128.ply,80,70,90,90,89,75,90,70,50,94,100,90,73,75,84,50,64,60,90,70,90,91,50,88,55,70,50,30,80,90
pumpkin_tsl_4_tqs_256.ply,50,46,74,40,50,48,57,30,40,60,50,50,37,92,67,50,50,55,50,70,84,50,50,56,64,40,21,79,40,50
pumpkin_tsl_4_tqs_512.ply,20,30,29,10,30,39,56,38,20,33,29,40,20,18,57,2,40,20,40,50,25,42,35,33,13,30,22,20,39,50
pumpkin_tsl_6_tqs_64.ply,70,48,47,80,30,69,89,50,40,84,31,80,60,88,77,44,70,75,30,80,93,67,94,80,68,30,10,70,85,80
pumpkin_tsl_6_tqs_128.ply,68,52,45,90,60,50,78,90,40,80,40,80,60,58,81,50,40,61,30,100,74,64,90,65,72,31,25,50,70,100
pumpkin_tsl_6_tqs_256.ply,40,34,55,60,50,64,72,56,40,70,40,50,28,39,69,46,70,60,30,50,70,50,45,31,57,19,30,10,72,50
pumpkin_tsl_6_tqs_512.ply,41,32,47,30,40,31,40,40,30,50,22,50,7,17,59,8,40,29,30,50,26,26,26,37,17,14,10,10,34,40
pumpkin_tsl_8_tqs_64.ply,76,85,74,100,70,89,63,70,90,83,50,80,95,93,92,100,85,70,70,80,90,93,100,88,90,67,50,100,90,60
pumpkin_tsl_8_tqs_128.ply,93,70,89,100,70,90,81,30,80,97,40,90,75,72,83,69,50,83,60,100,85,64,90,68,75,62,50,20,85,90
pumpkin_tsl_8_tqs_256.ply,40,53,71,70,50,80,51,37,60,95,70,71,36,49,69,27,71,30,20,90,78,66,50,42,68,34,16,30,70,50
pumpkin_tsl_8_tqs_512.ply,40,36,44,29,30,43,48,30,40,44,40,30,30,24,47,23,45,20,20,50,34,24,46,72,20,21,20,10,40,40
pumpkin_level_7.ply,20,10,8,10,0,3,0,20,10,10,1,0,10,5,19,8,10,0,10,10,10,7,15,3,11,19,8,0,11,20
pumpkin_level_8.ply,65,20,23,10,10,20,9,80,30,30,15,10,27,8,29,4,20,10,30,30,50,41,40,57,48,33,17,10,30,30
pumpkin_level_9.ply,70,66,71,100,80,85,92,50,40,85,10,70,81,69,81,95,64,81,60,100,95,42,94,88,77,50,50,80,86,90
pumpkin_pqs_1_qs_16.ply,90,73,97,100,100,90,93,60,70,100,20,79,85,91,91,39,90,71,80,100,100,81,95,93,91,60,84,94,75,70
pumpkin_pqs_1_qs_32.ply,67,62,82,100,30,90,72,60,80,93,34,70,89,60,83,97,95,71,70,90,90,70,100,80,90,70,50,70,70,90
pumpkin_pqs_1_qs_48.ply,62,46,77,90,80,90,63,70,40,84,50,50,60,40,65,70,81,61,90,90,77,83,50,75,75,50,92,100,65,80
pumpkin_pqs_1_qs_64.ply,30,50,50,80,40,47,34,30,40,70,27,75,48,17,53,33,60,63,70,70,54,58,45,67,50,10,80,10,69,50
pumpkin_referenced.ply,98,79,76,100,100,65,44,80,70,97,50,80,84,92,93,45,100,60,70,100,70,84,100,78,93,50,50,95,100,100
ship_gQP_1_tQP_1.ply,90,70,91,94,100,90,95,33,90,72,83,83,78,100,73,90,100,92,70,70,92,75,50,50,30,89,90,70,70,94
ship_gQP_1_tQP_2.ply,80,74,84,77,90,50,90,50,100,35,43,69,35,75,70,80,100,80,81,90,66,49,50,89,90,91,70,70,70,100
ship_gQP_1_tQP_3.ply,60,79,43,73,61,70,70,68,77,50,27,77,45,71,71,70,65,80,85,50,60,15,31,50,100,76,50,60,60,50
ship_gQP_2_tQP_1.ply,50,20,65,82,70,30,70,30,50,45,60,66,39,45,60,30,80,36,40,85,76,16,40,13,0,63,50,40,70,69
ship_gQP_2_tQP_2.ply,80,30,69,54,40,40,65,16,60,35,52,46,50,39,59,30,70,75,72,30,46,20,28,50,0,70,50,60,70,74
ship_gQP_2_tQP_3.ply,50,20,44,55,50,40,71,37,50,35,68,74,10,35,58,40,60,39,43,50,62,20,31,17,30,60,50,60,50,13
ship_gQP_3_tQP_1.ply,30,30,33,70,40,20,57,20,20,13,11,53,18,21,37,70,70,30,36,50,30,16,31,20,0,71,40,10,40,16
ship_gQP_3_tQP_2.ply,10,10,43,38,30,20,31,16,30,20,62,48,34,60,29,30,70,19,43,46,43,8,30,17,0,60,30,40,30,26
ship_gQP_3_tQP_3.ply,20,0,50,47,30,20,53,18,50,17,15,54,7,35,39,30,70,22,30,30,62,7,40,9,5,40,40,30,70,20
ship_gsigma_0_tsigma_8.ply,90,50,94,99,30,40,70,38,81,73,80,80,71,100,70,100,100,100,84,100,78,53,71,94,85,77,60,90,60,71
ship_gsigma_0_tsigma_16.ply,70,40,71,51,70,40,70,30,31,50,59,73,63,81,72,70,90,90,87,50,34,50,30,50,50,70,60,50,60,30
ship_gsigma_0_tsigma_32.ply,80,40,27,50,30,50,60,22,30,40,17,73,42,50,35,30,50,69,40,44,30,69,40,30,15,40,50,40,70,50
ship_gsigma_2_tsigma_8.ply,50,59,24,55,20,30,64,28,50,29,34,53,29,45,54,40,90,56,40,50,44,17,34,50,10,67,40,45,70,39
ship_gsigma_2_tsigma_16.ply,20,40,41,63,100,30,60,30,20,40,27,66,50,70,47,80,50,50,38,45,52,14,40,15,0,64,50,40,70,40
ship_gsigma_2_tsigma_32.ply,10,20,16,22,40,40,43,20,20,13,28,33,40,45,40,30,50,23,39,45,37,31,1,17,16,30,50,35,30,35
ship_gsigma_4_tsigma_8.ply,10,24,44,15,30,30,39,10,31,12,8,60,10,41,59,40,30,9,46,16,29,19,41,14,3,32,30,30,40,28
ship_gsigma_4_tsigma_16.ply,20,30,41,28,30,30,39,20,30,13,17,60,60,40,30,40,40,39,29,40,36,8,29,28,10,30,40,40,40,29
ship_gsigma_4_tsigma_32.ply,10,60,6,30,10,20,50,37,10,13,8,49,5,40,19,40,50,30,27,30,19,5,20,18,10,60,30,20,30,30
ship_tsl_4_tqs_64.ply,0,10,28,8,30,10,34,16,10,5,8,29,2,0,29,0,10,10,26,20,37,2,0,18,0,46,30,10,30,31
ship_tsl_4_tqs_128.ply,0,9,30,10,60,20,34,40,15,13,70,26,1,0,10,30,10,10,19,16,9,3,10,7,0,29,30,10,40,0
ship_tsl_4_tqs_256.ply,10,15,20,16,30,10,30,31,50,3,28,22,1,0,0,20,30,0,8,10,23,7,11,9,19,20,50,0,20,0
ship_tsl_4_tqs_512.ply,0,20,13,7,30,10,30,20,20,5,9,5,0,0,0,30,0,0,16,25,23,5,0,22,0,30,30,10,70,0
ship_tsl_6_tqs_64.ply,80,80,94,49,70,90,78,60,80,82,93,65,57,89,73,80,90,85,83,100,85,14,32,95,70,85,80,80,70,70
ship_tsl_6_tqs_128.ply,60,60,96,71,40,80,95,50,80,64,64,80,40,60,30,80,70,85,63,50,76,37,43,50,20,78,50,60,70,60
ship_tsl_6_tqs_256.ply,20,40,70,55,30,20,65,25,30,30,26,70,19,30,28,30,70,30,74,50,56,17,50,21,10,40,50,60,50,30
ship_tsl_6_tqs_512.ply,10,30,38,46,30,30,70,23,30,17,13,56,3,30,0,40,30,21,36,30,57,30,11,10,10,40,40,10,30,10
ship_tsl_8_tqs_64.ply,80,80,65,94,90,70,100,62,80,79,90,93,78,70,62,80,100,85,93,90,73,70,50,50,95,94,70,90,70,91
ship_tsl_8_tqs_128.ply,80,85,79,82,30,40,90,30,80,75,69,80,100,80,30,80,70,95,83,70,72,53,50,50,10,85,80,80,70,83
ship_tsl_8_tqs_256.ply,20,50,59,42,70,30,40,37,90,25,16,66,1,60,39,70,70,75,42,40,37,45,30,50,30,77,40,50,30,60
ship_tsl_8_tqs_512.ply,60,30,30,43,60,30,33,30,30,28,12,52,3,54,20,30,20,63,36,40,55,27,11,30,20,30,30,30,30,43
ship_level_7.ply,20,0,17,1,20,10,7,0,0,6,8,10,1,0,25,0,0,6,10,25,6,11,5,2,0,8,30,0,40,0
ship_level_8.ply,40,0,8,9,10,10,10,11,19,25,16,48,5,16,19,30,30,29,24,10,33,26,19,10,0,20,30,0,30,10
ship_level_9.ply,70,20,73,59,30,30,50,5,50,52,15,50,31,75,62,70,50,82,78,70,59,54,30,50,10,58,50,30,30,69
ship_pqs_1_qs_16.ply,100,90,90,95,80,80,66,50,90,85,66,100,89,100,100,100,100,100,90,100,97,69,50,96,60,85,90,60,70,93
ship_pqs_1_qs_32.ply,80,30,55,53,100,70,96,47,82,43,67,72,37,85,58,80,90,70,75,31,94,56,54,50,80,90,50,20,62,80
ship_pqs_1_qs_48.ply,10,40,88,61,80,30,89,65,90,55,6,56,28,65,70,70,80,74,70,48,80,50,30,96,35,73,50,30,30,90
ship_pqs_1_qs_64.ply,30,40,50,49,80,50,80,32,30,24,8,67,30,50,73,70,70,60,72,36,43,20,31,32,29,86,40,10,70,70
ship_referenced.ply,100,80,94,93,100,80,98,60,100,77,93,89,96,100,80,100,100,90,87,95,99,84,71,50,100,94,70,100,70,100
statue_gQP_1_tQP_1.ply,78,40,60,95,50,80,63,83,81,69,90,81,80,90,93,77,100,89,62,50,92,94,80,70,70,60,84,90,80,60
statue_gQP_1_tQP_2.ply,65,90,50,90,40,100,45,67,79,50,79,73,60,100,79,37,60,77,23,50,50,100,86,70,70,70,93,24,60,74
statue_gQP_1_tQP_3.ply,37,20,40,80,34,50,27,48,71,14,40,60,80,80,61,44,40,57,28,30,78,70,82,40,50,70,65,37,40,40
statue_gQP_2_tQP_1.ply,66,50,50,26,31,100,54,79,61,38,91,78,60,86,80,84,86,74,48,33,13,75,50,50,70,70,60,73,60,34
statue_gQP_2_tQP_2.ply,37,40,40,89,50,80,37,91,63,39,66,74,70,90,55,46,50,30,17,29,50,10,80,50,40,70,52,83,70,43
statue_gQP_2_tQP_3.ply,39,34,30,85,10,50,20,23,72,29,70,71,30,70,60,37,30,67,27,30,50,10,50,50,0,70,43,48,35,37
statue_gQP_3_tQP_1.ply,27,20,30,35,20,30,19,62,45,28,20,30,20,60,28,26,55,41,15,31,4,0,30,30,20,40,8,20,40,16
statue_gQP_3_tQP_2.ply,17,80,20,60,27,30,7,7,53,21,20,54,30,70,18,40,40,56,10,31,50,0,40,40,10,70,2,20,20,30
statue_gQP_3_tQP_3.ply,25,20,10,35,17,30,7,28,49,8,45,39,40,50,20,41,30,27,40,28,22,0,35,30,21,30,34,9,15,9
statue_gsigma_0_tsigma_8.ply,63,40,60,90,44,90,90,94,94,83,100,100,90,95,82,77,80,94,70,50,50,91,80,80,80,70,95,96,75,40
statue_gsigma_0_tsigma_16.ply,72,70,50,91,38,80,60,88,63,40,80,71,80,90,76,45,80,60,80,30,86,15,76,50,60,70,95,61,45,37
statue_gsigma_0_tsigma_32.ply,36,56,30,60,10,30,40,16,64,18,75,63,60,67,49,45,90,33,79,29,50,10,40,40,60,70,46,66,40,42
statue_gsigma_2_tsigma_8.ply,74,70,40,70,35,30,27,14,59,22,69,71,60,60,74,39,50,45,42,21,50,10,62,50,40,60,90,10,55,40
statue_gsigma_2_tsigma_16.ply,51,30,40,40,16,30,28,25,76,24,70,61,40,70,45,39,30,32,18,30,50,14,23,40,70,40,40,37,40,34
statue_gsigma_2_tsigma_32.ply,19,30,30,72,30,30,26,26,52,28,40,38,30,50,39,34,30,39,12,39,50,10,71,40,30,30,14,30,20,30
statue_gsigma_4_tsigma_8.ply,27,30,40,40,14,30,5,16,50,12,40,27,40,70,31,27,25,27,9,30,20,15,62,40,50,60,20,23,40,23
statue_gsigma_4_tsigma_16.ply,23,20,30,50,20,10,17,15,44,29,45,30,30,30,29,41,30,26,30,5,18,10,42,50,30,40,30,10,20,15
statue_gsigma_4_tsigma_32.ply,23,90,30,50,17,20,12,15,32,3,40,38,30,40,37,22,20,26,15,29,19,10,60,50,30,70,13,10,40,40
statue_tsl_4_tqs_64.ply,15,0,10,50,40,30,0,15,30,1,40,29,10,0,15,11,7,62,2,30,11,0,74,30,30,70,40,6,20,16
statue_tsl_4_tqs_128.ply,8,30,20,40,13,30,0,8,35,0,29,39,10,0,9,19,10,39,6,30,18,0,16,20,10,70,12,10,10,37
statue_tsl_4_tqs_256.ply,11,80,0,30,23,30,0,33,24,0,0,27,30,0,13,17,25,9,2,11,10,0,40,30,0,30,7,11,10,30
statue_tsl_4_tqs_512.ply,8,10,0,10,30,0,0,1,42,0,0,0,30,0,1,16,10,0,3,0,13,0,59,10,90,20,0,2,10,14
statue_tsl_6_tqs_64.ply,62,80,70,93,79,50,68,72,80,64,70,71,70,80,69,72,100,78,57,30,91,85,80,50,20,70,90,64,40,77
statue_tsl_6_tqs_128.ply,73,40,70,100,50,80,50,70,77,50,69,70,90,90,83,42,60,72,27,50,50,80,80,40,60,70,64,47,60,60
statue_tsl_6_tqs_256.ply,56,70,30,40,50,61,36,38,69,45,50,61,40,70,46,28,35,54,15,1,27,10,70,40,60,70,50,35,20,56
statue_tsl_6_tqs_512.ply,21,30,20,50,16,15,11,4,49,4,29,30,30,50,24,22,30,23,16,40,17,9,60,40,40,80,15,8,30,22
statue_tsl_8_tqs_64.ply,85,58,90,100,37,100,73,90,91,96,100,90,80,100,84,84,80,83,69,79,98,100,81,60,70,80,80,92,60,60
statue_tsl_8_tqs_128.ply,93,80,50,94,50,70,57,85,90,50,79,90,60,100,79,43,50,89,30,41,88,100,89,60,80,70,95,90,70,67
statue_tsl_8_tqs_256.ply,45,33,40,73,50,60,32,32,71,23,70,53,70,90,41,50,40,46,11,40,71,80,86,50,50,70,80,19,40,59
statue_tsl_8_tqs_512.ply,24,24,40,13,44,50,10,6,60,22,31,29,60,60,30,25,10,30,19,39,16,20,50,30,60,70,30,60,36,40
statue_level_7.ply,0,30,10,6,0,0,3,8,8,60,4,10,0,30,9,15,0,5,18,0,8,0,10,30,0,20,0,4,75,9
statue_level_8.ply,10,40,10,13,27,0,25,18,47,6,20,20,10,20,38,28,30,26,10,29,8,5,22,30,10,30,28,24,70,60
statue_level_9.ply,90,30,50,82,40,50,80,84,65,50,78,71,70,90,75,28,100,68,77,50,94,10,79,50,50,60,82,71,40,58
statue_pqs_1_qs_16.ply,73,30,70,100,50,80,61,92,94,93,100,90,70,100,80,60,100,86,69,70,94,100,98,80,90,70,100,82,90,79
statue_pqs_1_qs_32.ply,92,50,80,93,20,90,74,58,77,56,85,80,60,100,83,78,50,93,60,61,91,70,70,60,70,70,85,85,65,61
statue_pqs_1_qs_48.ply,84,67,80,100,20,80,66,13,77,35,95,81,30,90,74,33,50,45,50,31,98,90,88,50,60,70,50,70,55,40
statue_pqs_1_qs_64.ply,38,40,40,93,62,50,44,12,57,9,69,91,40,70,65,67,45,43,42,39,97,34,71,40,50,30,85,63,35,12
statue_referenced.ply,94,90,80,97,72,90,94,81,94,96,100,80,70,100,95,95,80,97,75,70,50,100,90,90,100,40,96,96,60,65
stone_gQP_1_tQP_1.ply,91,32,60,60,28,77,68,90,71,80,100,81,76,85,70,64,60,83,90,81,70,70,70,100,89,75,73,94,80,59
stone_gQP_1_tQP_2.ply,90,30,80,58,62,69,50,50,70,70,70,76,42,47,32,28,29,50,50,60,50,40,60,80,91,40,57,41,50,41
stone_gQP_1_tQP_3.ply,40,40,50,32,16,68,7,50,26,100,40,29,50,30,59,31,11,19,16,64,30,30,70,16,50,40,40,26,29,19
stone_gQP_2_tQP_1.ply,80,37,40,50,80,73,43,44,58,40,80,65,42,75,44,46,30,50,30,69,50,90,70,75,27,60,50,83,56,50
stone_gQP_2_tQP_2.ply,90,32,50,30,62,67,18,50,62,60,80,70,47,25,68,66,40,14,10,70,50,60,70,74,19,50,54,56,64,58
stone_gQP_2_tQP_3.ply,50,30,20,15,62,71,9,35,30,60,40,36,28,15,54,23,38,11,9,30,40,30,70,10,60,35,40,16,50,9
stone_gQP_3_tQP_1.ply,79,20,42,34,65,65,33,40,30,20,80,31,40,35,45,27,29,50,10,70,50,60,30,22,36,35,22,80,50,43
stone_gQP_3_tQP_2.ply,60,24,40,19,45,53,28,30,60,40,40,30,50,45,55,28,30,25,9,30,40,50,80,38,17,15,42,34,30,40
stone_gQP_3_tQP_3.ply,50,20,20,6,21,40,0,40,29,30,35,25,26,20,33,23,30,23,0,63,30,20,70,13,13,30,32,10,30,30
stone_gsigma_0_tsigma_8.ply,90,50,81,82,85,96,100,98,90,90,95,85,84,100,25,89,50,50,90,91,90,100,70,100,87,80,30,95,70,93
stone_gsigma_0_tsigma_16.ply,90,20,60,86,26,97,61,80,30,70,90,81,82,100,45,88,50,50,60,88,60,100,70,85,95,60,40,85,75,90
stone_gsigma_0_tsigma_32.ply,91,19,30,46,27,54,41,46,71,40,60,68,77,70,25,59,30,50,10,74,50,60,30,65,70,25,41,53,0,50
stone_gsigma_2_tsigma_8.ply,92,20,30,53,15,76,50,90,70,70,90,80,83,90,39,70,50,93,61,83,50,60,60,92,79,60,60,83,50,64
stone_gsigma_2_tsigma_16.ply,60,50,30,50,19,53,40,60,70,80,70,67,50,80,87,62,31,50,10,81,50,60,70,79,87,45,43,82,46,73
stone_gsigma_2_tsigma_32.ply,69,36,20,39,38,47,50,50,59,30,40,41,27,70,38,39,32,50,10,70,50,40,30,75,59,65,60,57,10,47
stone_gsigma_4_tsigma_8.ply,70,22,40,17,15,65,39,50,40,40,50,30,29,20,43,40,40,16,0,70,40,80,30,30,29,50,40,81,10,27
stone_gsigma_4_tsigma_16.ply,70,10,30,24,28,49,50,39,59,40,30,30,39,47,38,35,31,50,19,56,50,40,70,40,30,40,56,27,10,48
stone_gsigma_4_tsigma_32.ply,40,30,20,15,8,40,7,40,40,30,30,39,40,45,28,13,10,8,16,60,40,60,40,40,9,40,12,21,11,20
stone_tsl_4_tqs_64.ply,80,27,89,50,16,59,38,70,72,30,60,70,68,85,81,64,30,50,5,88,50,40,40,76,63,40,37,63,45,63
stone_tsl_4_tqs_128.ply,87,8,50,45,37,69,76,55,20,20,60,21,73,50,77,52,32,50,50,79,50,20,40,96,20,50,41,52,30,59
stone_tsl_4_tqs_256.ply,70,33,40,30,17,44,13,35,38,20,40,69,50,30,68,5,20,30,10,77,50,10,60,65,8,10,10,12,30,51
stone_tsl_4_tqs_512.ply,25,38,20,12,8,31,3,35,58,10,40,10,27,16,41,14,19,9,10,40,20,10,30,10,4,35,20,45,10,29
stone_tsl_6_tqs_64.ply,80,30,80,45,86,68,72,80,60,30,90,72,86,84,89,73,10,16,20,72,50,40,70,77,70,60,40,72,60,60
stone_tsl_6_tqs_128.ply,85,19,91,50,79,62,38,76,80,20,80,60,86,95,65,20,1,7,20,40,70,30,70,90,83,55,40,82,50,64
stone_tsl_6_tqs_256.ply,61,30,50,25,16,62,33,61,39,30,50,45,23,50,43,13,29,7,15,50,40,60,70,70,41,45,46,39,30,50
stone_tsl_6_tqs_512.ply,30,30,20,11,16,31,3,35,0,30,30,30,36,20,32,12,31,16,0,36,40,0,60,20,30,40,37,15,30,30
stone_tsl_8_tqs_64.ply,93,9,70,77,73,91,70,94,71,70,90,84,42,86,43,90,50,50,90,96,80,90,60,70,81,80,34,91,90,98
stone_tsl_8_tqs_128.ply,92,23,70,96,68,96,60,75,60,60,80,73,50,70,44,34,61,50,100,72,80,90,70,94,80,50,61,92,100,84
stone_tsl_8_tqs_256.ply,70,50,50,35,37,69,42,40,38,80,70,31,33,40,60,30,30,50,10,35,40,50,60,71,13,40,40,57,50,60
stone_tsl_8_tqs_512.ply,10,17,20,27,6,52,3,40,0,30,30,34,31,10,22,11,35,17,17,20,30,40,60,18,23,30,21,18,30,23
stone_level_7.ply,4,0,0,25,9,18,0,20,0,10,20,10,13,0,10,6,0,7,0,9,10,0,30,2,5,70,25,74,3,3
stone_level_8.ply,4,10,50,33,14,73,3,16,0,30,10,10,30,30,2,50,28,6,10,10,30,10,30,20,15,85,0,50,11,30
stone_level_9.ply,100,28,80,72,77,91,96,100,70,80,90,91,89,100,43,93,70,50,70,70,100,100,40,100,100,80,67,70,80,84
stone_pqs_1_qs_16.ply,60,30,71,87,83,100,97,60,62,70,90,79,60,100,67,90,50,50,100,80,90,60,70,91,79,77,60,92,80,87
stone_pqs_1_qs_32.ply,94,41,90,64,70,59,77,90,60,50,70,69,88,55,23,71,30,50,90,50,70,40,70,97,77,30,78,64,50,67
stone_pqs_1_qs_48.ply,95,50,100,90,69,80,70,94,61,60,90,69,84,55,97,46,50,50,90,70,50,60,70,90,87,60,61,74,80,70
stone_pqs_1_qs_64.ply,96,20,70,74,63,67,50,40,74,40,40,79,77,40,66,62,41,91,94,73,60,40,70,60,43,40,59,85,70,74
stone_referenced.ply,90,40,70,80,82,94,100,100,71,80,100,83,84,100,91,85,21,50,90,95,80,90,70,80,90,70,60,87,84,100
tool_box_gQP_1_tQP_1.ply,64,88,65,71,50,80,70,90,82,68,80,91,60,41,50,70,90,80,40,60,92,30,70,40,83,100,68,60,83,84
tool_box_gQP_1_tQP_2.ply,30,83,57,21,45,58,40,90,69,50,44,61,50,38,50,70,80,60,40,30,85,78,50,22,87,69,70,50,61,50
tool_box_gQP_1_tQP_3.ply,24,81,49,4,50,61,40,70,84,56,50,45,17,10,50,90,80,50,20,50,71,61,50,60,64,50,47,50,43,68
tool_box_gQP_2_tQP_1.ply,45,46,52,25,44,70,50,80,69,75,50,80,9,40,50,10,85,70,10,30,40,70,46,40,64,75,69,50,65,84
tool_box_gQP_2_tQP_2.ply,30,68,67,16,47,61,30,90,56,73,60,63,59,31,19,20,94,50,70,30,50,84,50,40,65,70,63,60,60,42
tool_box_gQP_2_tQP_3.ply,20,78,56,23,50,53,30,50,39,38,60,29,34,30,50,10,89,40,20,60,39,60,40,43,75,40,50,25,40,47
tool_box_gQP_3_tQP_1.ply,33,47,48,28,55,62,30,65,35,60,45,74,17,30,15,15,66,30,40,70,37,32,30,14,56,60,46,40,42,62
tool_box_gQP_3_tQP_2.ply,19,17,53,38,30,60,40,80,58,40,48,66,33,0,50,50,77,50,20,70,10,55,30,35,53,50,60,30,45,47
tool_box_gQP_3_tQP_3.ply,14,46,45,14,39,39,20,50,20,42,40,39,15,30,14,10,60,50,30,70,19,46,40,40,36,30,40,20,44,70
tool_box_gsigma_0_tsigma_8.ply,50,74,79,44,96,71,70,80,85,40,50,95,70,50,50,50,69,50,90,70,90,50,85,35,81,80,78,70,80,95
tool_box_gsigma_0_tsigma_16.ply,35,35,70,28,60,40,50,60,64,37,45,27,56,40,26,10,47,50,40,30,80,74,25,37,53,50,50,70,50,48
tool_box_gsigma_0_tsigma_32.ply,17,7,51,50,70,29,30,50,38,32,40,16,50,11,15,11,80,50,22,30,50,27,60,18,37,20,29,40,22,48
tool_box_gsigma_2_tsigma_8.ply,24,15,65,26,50,10,40,50,22,34,50,57,30,30,50,10,80,40,30,70,75,35,45,29,55,50,40,40,43,55
tool_box_gsigma_2_tsigma_16.ply,20,16,50,26,40,40,30,40,40,30,30,42,13,29,29,0,70,40,30,30,20,20,35,39,31,10,30,16,33,35
tool_box_gsigma_2_tsigma_32.ply,7,14,30,26,45,0,40,40,20,23,30,26,10,34,17,0,25,30,10,30,15,5,40,24,12,9,30,0,31,35
tool_box_gsigma_4_tsigma_8.ply,7,25,45,9,45,30,30,40,30,34,35,23,14,2,24,0,30,50,40,40,62,7,35,40,33,20,29,20,22,48
tool_box_gsigma_4_tsigma_16.ply,20,15,67,26,50,0,30,30,9,16,10,24,7,30,16,10,31,40,20,40,20,11,30,19,10,9,23,30,30,30
tool_box_gsigma_4_tsigma_32.ply,15,8,27,23,50,10,30,40,0,11,20,9,11,1,10,5,10,30,20,30,10,11,30,40,10,10,9,0,17,29
tool_box_tsl_4_tqs_64.ply,24,87,73,21,20,40,60,80,60,60,48,66,91,21,50,10,60,50,40,70,50,60,30,40,54,60,50,18,56,84
tool_box_tsl_4_tqs_128.ply,23,30,50,13,75,52,30,70,20,31,40,45,40,34,50,15,77,50,40,70,41,17,45,40,64,50,50,27,42,24
tool_box_tsl_4_tqs_256.ply,8,10,50,15,10,30,40,30,19,22,30,32,10,32,10,20,41,40,10,20,37,10,30,25,21,20,30,10,40,25
tool_box_tsl_4_tqs_512.ply,0,7,17,0,0,10,30,0,0,15,20,5,10,31,10,0,30,30,20,30,11,10,30,40,9,9,9,10,13,10
tool_box_tsl_6_tqs_64.ply,53,94,75,60,70,73,70,90,90,50,90,96,91,71,87,100,69,70,50,60,90,80,80,60,53,70,62,70,50,98
tool_box_tsl_6_tqs_128.ply,20,8,59,21,50,30,73,80,79,52,50,48,30,31,50,20,75,40,20,60,30,80,30,24,51,50,37,50,86,96
tool_box_tsl_6_tqs_256.ply,11,40,42,19,40,27,30,40,34,26,45,33,30,31,20,10,50,40,30,40,36,31,40,27,23,30,26,10,27,26
tool_box_tsl_6_tqs_512.ply,0,16,36,0,39,0,20,20,21,25,10,23,9,11,50,0,34,30,10,30,9,16,10,20,12,10,12,0,23,17
tool_box_tsl_8_tqs_64.ply,45,72,92,29,93,85,70,100,68,37,100,92,72,40,50,80,91,60,50,40,28,77,70,54,81,75,70,88,76,97
tool_box_tsl_8_tqs_128.ply,20,69,70,7,45,38,90,80,79,49,57,29,39,39,50,60,76,50,60,60,33,64,40,40,12,35,50,30,65,50
tool_box_tsl_8_tqs_256.ply,19,17,32,10,40,19,50,40,44,19,35,33,23,30,10,30,60,40,10,50,10,50,35,40,15,30,28,18,50,33
tool_box_tsl_8_tqs_512.ply,10,6,45,1,55,10,30,30,10,60,20,26,5,11,14,0,59,40,10,30,10,14,10,11,12,0,50,5,77,12
tool_box_level_7.ply,8,14,7,8,0,0,0,20,10,8,4,0,2,21,9,0,10,30,0,20,4,9,45,8,63,0,10,0,0,1
tool_box_level_8.ply,20,27,68,15,20,20,20,30,41,18,50,41,15,20,5,0,16,40,40,60,10,15,70,15,63,10,26,30,16,24
tool_box_level_9.ply,70,51,70,36,60,71,30,80,59,84,86,77,79,50,50,71,84,70,60,60,90,59,55,40,75,70,78,70,81,84
tool_box_pqs_1_qs_16.ply,65,92,89,50,80,71,70,100,90,56,100,98,91,50,50,90,90,70,50,60,83,94,70,56,75,70,82,70,93,78
tool_box_pqs_1_qs_32.ply,50,17,56,11,70,63,70,80,75,54,50,42,53,30,50,35,79,50,10,70,90,72,65,60,30,59,50,60,34,30
tool_box_pqs_1_qs_48.ply,16,20,70,30,59,30,40,50,30,27,40,39,55,30,50,5,60,40,30,30,90,34,40,40,73,40,28,50,30,17
tool_box_pqs_1_qs_64.ply,6,6,27,23,15,20,30,20,39,31,25,56,7,40,20,0,30,40,20,30,39,6,40,22,10,10,30,40,18,48
tool_box_referenced.ply,90,86,100,88,100,91,90,90,87,92,100,94,94,50,94,10,80,90,100,70,100,97,80,37,92,91,93,80,89,97
